,text,doc_id,topic_proba,topic_id
0,雲高 雄 註 冊 出 現 系 統 錯 誤 無 法 註 冊 登 入 班 級 帳 號 註 冊 錯 誤,1783,0.839647658898328,0
1,雲高 雄 註 冊 出 現 系 統 錯 誤 無 法 註 冊 登 入 班 級 帳 號 註 冊 錯 誤,1784,0.839647658898328,0
2,雲 彰化 縣 寮 無 法 註 冊 登 入 無 法 註 冊 申 校 園 電 子 郵 件 帳 號,1767,0.8394694226529339,0
3,無 法 註 冊 登 入 學 生 忘 記 校 園 雲 端 電 子 郵 件 密 碼,197,0.8388000040766667,0
4,無 法 註 冊 登 入 學 生 忘 記 校 園 雲 端 電 子 郵 件 密 碼,1015,0.8388000040766667,0
5,無 法 註 冊 登 入 無 法 登 入 雲 電 子 郵 件 系 統 資 訊 授 權 足,226,0.8329775984597905,0
6,無 法 註 冊 登 入 無 法 登 入 雲 電 子 郵 件 系 統 資 訊 授 權 足,1089,0.8329775984597905,0
7,無 法 註 冊 登 入 無 法 註 冊 申 校 園 電 子 郵 件 帳 號,1099,0.8329481631586256,0
8,雲雲林陽明 無 法 註 冊 信箱 久 無 法 註 冊 登 入 無 法 註 冊 校 園 雲 端,841,0.8252941040682189,0
9,無 法 註 冊 登 入 北 校 園 雲 端 電 子 郵 件 無 法 註 冊,1055,0.8251934924689014,0
10,無 法 註 冊 登 入 註 冊 出 現 紅 色 字 訊 息 錯 誤 系 統 錯 誤,236,0.8178144386565424,0
11,無 法 註 冊 登 入 註 冊 出 現 紅 色 字 訊 息 錯 誤 系 統 錯 誤,1114,0.8178144386565424,0
12,雲 無 法 註 冊 登 入 註 冊 帳 號 出 現 系 統 錯 誤,843,0.8177689291715382,0
13,雲 無 法 註 冊 登 入 註 冊 帳 號 出 現 系 統 錯 誤,844,0.8177689291715382,0
14,無 法 註 冊 登 入 登 入 失 敗 顯 示 錯 誤 無 法 建立 雲遠端 認證 資訊 洽服 信箱,1107,0.8105716910769634,0
15,無 法 註 冊 登 入 註 冊 帳 號 顯 示 系 統 錯 誤,235,0.8091309690262812,0
16,無 法 註 冊 登 入 註 冊 帳 號 顯 示 系 統 錯 誤,1112,0.8091309690262812,0
17,無 法 註 冊 登 入 註 冊 帳 號 出 現 系 統 錯 誤,234,0.8091278554270953,0
18,無 法 註 冊 登 入 註 冊 帳 號 出 現 系 統 錯 誤,1111,0.8091278554270953,0
19,雲 苗栗 縣埔無 法 註 冊 登 入 錯 誤 無 法 註 冊 帳 號,1604,0.8090299390181013,0
20,雲 苗栗 縣埔無 法 註 冊 登 入 錯 誤 無 法 註 冊 帳 號,1605,0.8090299390181013,0
21,雲 苗栗 縣埔無 法 註 冊 登 入 錯 誤 無 法 註 冊 帳 號,1606,0.8090299390181013,0
22,雲 苗栗 縣埔無 法 註 冊 登 入 錯 誤 無 法 註 冊 帳 號,1607,0.8090299390181013,0
23,雲 苗栗 縣埔無 法 註 冊 登 入 錯 誤 無 法 註 冊 帳 號,1608,0.8090299390181013,0
24,雲 苗栗 縣埔無 法 註 冊 登 入 錯 誤 無 法 註 冊 帳 號,1609,0.8090299390181013,0
25,雲 苗栗 縣埔無 法 註 冊 登 入 錯 誤 無 法 註 冊 帳 號,1610,0.8090299390181013,0
26,雲 苗栗 縣埔無 法 註 冊 登 入 錯 誤 無 法 註 冊 帳 號,1778,0.8090299390181013,0
27,無 法 註 冊 登 入 錯 誤 雲 資 料 庫 錯 誤 洽 服 信箱,1128,0.8020110963642529,0
28,雲高雄瑞祥 無 法 註 冊 登 入 錯 誤 無 法 產 生 洽 服 信箱,288,0.7999575591649665,0
29,雲高雄瑞祥 無 法 註 冊 登 入 錯 誤 無 法 產 生 洽 服 信箱,298,0.7999575591649665,0
30,雲高雄瑞祥 無 法 註 冊 登 入 錯 誤 無 法 產 生 洽 服 信箱,1613,0.7999575591649665,0
31,雲高雄瑞祥 無 法 註 冊 登 入 錯 誤 無 法 產 生 洽 服 信箱,1614,0.7999575591649665,0
32,雲高雄瑞祥 無 法 註 冊 登 入 錯 誤 無 法 產 生 洽 服 信箱,1785,0.7999575591649665,0
33,無 法 註 冊 登 入 錯 誤 瀏 覽 器 未 送 出 確 認 設 定 開 認 證 資 訊 檢 查 失 敗 重 輸 入 帳 號 密 碼 繼 續 未 完成 工作,1132,0.7996572425218459,0
34,雲竹縣 雙溪 無 法 註 冊 出 現 系 統 錯 誤 註 冊 問 題 竹 縣 雙 溪,1769,0.7976374697790266,0
35,無 法 註 冊 登 入 頁 面 出 現 帳 密 認 証 錯 誤,245,0.7964001737358315,0
36,無 法 註 冊 登 入 頁 面 出 現 帳 密 認 証 錯 誤,1147,0.7964001737358315,0
37,雲 無 法 註 冊 登 入 前 直 現 無 法 出 現 登 錄 畫 面,842,0.7925216574285269,0
38,無 法 註 冊 登 入 錯 誤 無 法 產 生 洽 服 信箱,1141,0.7893540118106567,0
39,無 法 註 冊 登 入 帳 密 錯 誤 無 法 輸 入,205,0.7890006874333432,0
40,無 法 註 冊 登 入 帳 密 錯 誤 無 法 輸 入,1038,0.7890006874333432,0
41,無 法 註 冊 登 入 註 冊 顯 示 系 統 錯 誤,1110,0.7889853865362354,0
42,無 法 註 冊 登 入 無 法 登 入 密 碼 錯 誤,222,0.7889244362716826,0
43,無 法 註 冊 登 入 密 碼 錯 誤 無 法 登 入,1029,0.7889244362716826,0
44,無 法 註 冊 登 入 無 法 登 入 密 碼 錯 誤,1073,0.7889244362716826,0
45,無 法 註 冊 登 入 無 法 登 入 密 碼 錯 誤,1074,0.7889244362716826,0
46,無 法 註 冊 登 入 無 法 登 入 密 碼 錯 誤,1075,0.7889244362716826,0
47,無 法 註 冊 登 入 學 生 帳 號 無 法 註 冊,199,0.7889174480333399,0
48,無 法 註 冊 登 入 學 生 帳 號 無 法 註 冊,1020,0.7889174480333399,0
49,無 法 註 冊 登 入 學 生 帳 號 無 法 註 冊,1021,0.7889174480333399,0
50,無 法 註 冊 登 入 學 生 帳 號 無 法 註 冊,1022,0.7889174480333399,0
51,無 法 註 冊 登 入 學 生 帳 號 無 法 註 冊,1023,0.7889174480333399,0
52,無 法 註 冊 登 入 學 生 帳 號 無 法 註 冊,1024,0.7889174480333399,0
53,無 法 註 冊 登 入 學 生 帳 號 無 法 註 冊,1025,0.7889174480333399,0
54,無 法 註 冊 登 入 錯 誤 無 法 註 冊 帳 號,1133,0.7888973415235295,0
55,無 法 註 冊 登 入 錯 誤 無 法 註 冊 帳 號,1143,0.7888973415235295,0
56,無 法 註 冊 登 入 無 法 註 冊 校 園 雲 端,1095,0.7880884724787482,0
57,無 法 註 冊 登 入 無 法 註 冊 校 園 雲 端,1096,0.7880884724787482,0
58,無 法 註 冊 登 入 無 法 註 冊 校 園 雲 端,1097,0.7880884724787482,0
59,無 法 註 冊 登 入 無 法 註 冊 校 園 雲 端,1098,0.7880884724787482,0
60,無 法 註 冊 登 入 帳 號 密 碼 進 無 法 進 入 個 畫 面,206,0.7867045989950646,0
61,無 法 註 冊 登 入 帳 號 密 碼 進 無 法 進 入 個 畫 面,1040,0.7867045989950646,0
62,無 法 註 冊 登 入 前 直 現 無 法 出 現 登 錄 畫 面,192,0.7823759092239599,0
63,無 法 註 冊 登 入 前 直 現 無 法 出 現 登 錄 畫 面,1002,0.7823759092239599,0
64,無 法 註 冊 登 入 雲 資 料 庫 錯 誤 洽 服 信箱,1052,0.7799478874053978,0
65,無 法 註 冊 登 入 雲 資 料 庫 錯 誤 洽 服 信箱,1053,0.7799478874053978,0
66,無 法 註 冊 登 入 雲 資 料 庫 錯 誤 洽 服 信箱,1054,0.7799478874053978,0
67,無 法 註 冊 登 入 申 帳 號 密 碼 輸 入 提示 未開通,1032,0.7773373604489817,0
68,無 法 註 冊 登 入 無 法 申 電 子 郵 件,1072,0.7772912597676371,0
69,無 法 註 冊 登 入 註 冊 發 生 系 統 錯 誤,1115,0.7772249290292454,0
70,無 法 註 冊 登 入 註 冊 雲 員 出 現 錯 誤,1113,0.7771297341235963,0
71,雲 無 法 註 冊 登 入 學 生 無 法 登 入,848,0.7770904333952449,0
72,雲 無 法 註 冊 登 入 無 法 註 冊 登 入,854,0.7769379471848106,0
73,無 法 註 冊 登 入 無 法 登 入 直 顯 示 伺服器 錯誤,227,0.7764235348080429,0
74,無 法 註 冊 登 入 無 法 登 入 直 顯 示 伺服器 錯誤,1081,0.7764235348080429,0
75,無 法 註 冊 登 入 無 法 進 入 登 入 介面,1100,0.7755674296236993,0
76,雲嘉義 精忠 無 法 註 冊 登 入 無 法 進 入 登 入 介面,1765,0.7755674296236993,0
77,無 法 註 冊 登 入 出 現 資 料 庫 錯 誤,194,0.7669504794401315,0
78,無 法 註 冊 登 入 出 現 資 料 庫 錯 誤,1007,0.7669504794401315,0
79,無 法 註 冊 登 入 錯 誤 無 法 建立 雲遠端 認證 資訊,1131,0.766249605140323,0
80,無 法 註 冊 登 入 錯 誤 無 法 建立 雲遠端 認證 資訊,1134,0.766249605140323,0
81,無 法 註 冊 登 入 錯 誤 無 法 建立 雲遠端 認證 資訊,1136,0.766249605140323,0
82,無 法 註 冊 登 入 錯 誤 無 法 建立 雲遠端 認證 資訊,1138,0.766249605140323,0
83,無 法 註 冊 登 入 錯 誤 無 法 建立 雲遠端 認證 資訊,1140,0.766249605140323,0
84,雲花蓮縣 立化仁學 無法 登入 信箱 無 法 註 冊 登 入 無 法 登 入 雲 電 子 郵 件 系 統 資 訊 授 權 足,1776,0.7660118340375911,0
85,無 法 註 冊 登 入 錯 誤 無 法 建立 雲遠端 認證 資訊 洽服 信箱,1135,0.7654403813267264,0
86,無 法 註 冊 登 入 錯 誤 無 法 建立 雲遠端 認證 資訊 洽服 信箱,1137,0.7654403813267264,0
87,無 法 註 冊 登 入 錯 誤 無 法 建立 雲遠端 認證 資訊 洽服 信箱,1139,0.7654403813267264,0
88,雲金門 古雲資料 庫 錯誤 無 法 註 冊 登 入 雲 資 料 庫 錯 誤 洽 服 信箱,1611,0.765245656664993,0
89,雲金門 古雲資料 庫 錯誤 無 法 註 冊 登 入 雲 資 料 庫 錯 誤 洽 服 信箱,1612,0.765245656664993,0
90,雲金門 古雲資料 庫 錯誤 無 法 註 冊 登 入 雲 資 料 庫 錯 誤 洽 服 信箱,1779,0.765245656664993,0
91,無 法 註 冊 登 入 學 生 申 雲 信箱 直出 現錯誤,1017,0.7643241083857908,0
92,無 法 註 冊 登 入 學 生 申 雲 信箱 直出 現錯誤,1018,0.7643241083857908,0
93,無 法 註 冊 登 入 學 生 申 雲 信箱 直出 現錯誤,1019,0.7643241083857908,0
94,無 法 註 冊 登 入 無 法 進 入 電 子 信箱,230,0.764257686004119,0
95,無 法 註 冊 登 入 錯 誤 系 統 錯 誤,239,0.7642225424548539,0
96,無 法 註 冊 登 入 錯 誤 系 統 錯 誤,1142,0.7642225424548539,0
97,無 法 註 冊 登 入 錯 誤 無 法 通 平 取 資 訊,1129,0.7641424265534948,0
98,無 法 註 冊 登 入 錯 誤 無 法 通 平 取 資 訊,1130,0.7641424265534948,0
99,無 法 註 冊 登 入 輸 入 帳 密 無 法,1121,0.7641201959635641,0
100,無 法 註 冊 登 入 輸 入 密 碼 登 入,1118,0.7640855169655802,0
101,無 法 註 冊 登 入 輸 入 密 碼 登 入,1119,0.7640855169655802,0
102,無 法 註 冊 登 入 輸 入 密 碼 登 入,1120,0.7640855169655802,0
103,無 法 註 冊 登 入 班 級 帳 號 註 冊 錯 誤,1101,0.7640658905556225,0
104,無 法 註 冊 登 入 學 生 無 法 登 入,198,0.764022829001765,0
105,無 法 註 冊 登 入 學 生 無 法 登 入,1016,0.764022829001765,0
106,無 法 註 冊 登 入 帳 號 無 法 登 入,207,0.7640168831333111,0
107,無 法 註 冊 登 入 帳 號 無 法 登 入,1041,0.7640168831333111,0
108,無 法 註 冊 登 入 無 法 註 冊 登 入,190,0.7638469921447192,0
109,無 法 註 冊 登 入 無 法 註 冊 登 入,228,0.7638469921447192,0
110,無 法 註 冊 登 入 無 法 註 冊 登 入,1092,0.7638469921447192,0
111,無 法 註 冊 登 入 無 法 註 冊 登 入,1093,0.7638469921447192,0
112,無 法 註 冊 登 入 無 法 註 冊 登 入,1094,0.7638469921447192,0
113,雲 無 法 註 冊 登 入 常 無 法 登 入 線,845,0.7637163948297676,0
114,無 法 註 冊 登 入 忘 記 帳 號 密 碼,211,0.7628793008637313,0
115,無 法 註 冊 登 入 忘 記 帳 號 密 碼,1047,0.7628793008637313,0
116,無 法 註 冊 登 入 忘 記 帳 號 密 碼,1048,0.7628793008637313,0
117,無 法 註 冊 登 入 密 碼 錯 誤 認 證,1030,0.7594156684460649,0
118,無 法 註 冊 登 入 通 認 證 無 法 進 入 信箱,203,0.7590794084858448,0
119,無 法 註 冊 登 入 通 認 證 無 法 進 入 信箱,1033,0.7590794084858448,0
120,然無 法 註 冊 註 冊 帳 號 顯 示 錯 誤,1,0.7494837257966529,0
121,無 法 註 冊 登 入 顯 示 查 無 資 料,246,0.7494483567628557,0
122,無 法 註 冊 登 入 顯 示 查 無 資 料,1148,0.7494483567628557,0
123,無 法 註 冊 登 入 電 子 郵 件 進,244,0.7494153251947349,0
124,無 法 註 冊 登 入 電 子 郵 件 進,1146,0.7494153251947349,0
125,雲 無 法 註 冊 登 入 無 法 登 入,862,0.749093369691472,0
126,無 法 註 冊 登 入 常 無 法 登 入 線,215,0.7489763813378895,0
127,無 法 註 冊 登 入 常 無 法 登 入 線,1057,0.7489763813378895,0
128,無 法 註 冊 登 入 常 無 法 登 入 線,1058,0.7489763813378895,0
129,無 法 註 冊 登 入 無 法 建立 雲遠端 認證,1070,0.7454895720395844,0
130,無 法 註 冊 登 入 換 縣 帳 號 無 法,216,0.7451894355292883,0
131,無 法 註 冊 登 入 換 縣 帳 號 無 法,861,0.7451894355292883,0
132,無 法 註 冊 登 入 換 縣 帳 號 無 法,1059,0.7451894355292883,0
133,無 法 註 冊 登 入 執 行 錯 誤,195,0.7327186807641141,0
134,無 法 註 冊 登 入 執 行 錯 誤,1009,0.7327186807641141,0
135,無 法 註 冊 登 入 執 行 錯 誤,1010,0.7327186807641141,0
136,無 法 註 冊 登 入 執 行 錯 誤,1011,0.7327186807641141,0
137,無 法 註 冊 登 入 執 行 錯 誤,1012,0.7327186807641141,0
138,無 法 註 冊 登 入 執 行 錯 誤,1013,0.7327186807641141,0
139,無 法 註 冊 登 入 密 碼 錯 誤,200,0.7327139432921559,0
140,無 法 註 冊 登 入 密 碼 錯 誤,201,0.7327139432921559,0
141,無 法 註 冊 登 入 密 碼 錯 誤,1028,0.7327139432921559,0
142,無 法 註 冊 登 入 帳 密 錯 誤,1035,0.7327086024615137,0
143,無 法 註 冊 登 入 帳 密 錯 誤,1036,0.7327086024615137,0
144,無 法 註 冊 登 入 帳 密 錯 誤,1037,0.7327086024615137,0
145,無 法 註 冊 登 入 密 碼 無 法,1027,0.732606419014436,0
146,雲 無 法 註 冊 登 入 錯 誤 合法 縣理,883,0.7325799314266223,0
147,無 法 註 冊 登 入 無 法 登 入,223,0.7324132898454074,0
148,無 法 註 冊 登 入 無 法 登 入,224,0.7324132898454074,0
149,無 法 註 冊 登 入 無 法 登 入,225,0.7324132898454074,0
150,無 法 註 冊 登 入 無 法 登 入,1076,0.7324132898454074,0
151,無 法 註 冊 登 入 無 法 登 入,1077,0.7324132898454074,0
152,無 法 註 冊 登 入 無 法 登 入,1078,0.7324132898454074,0
153,無 法 註 冊 登 入 無 法 登 入,1079,0.7324132898454074,0
154,無 法 註 冊 登 入 無 法 登 入,1080,0.7324132898454074,0
155,無 法 註 冊 登 入 無 法 登 入,1082,0.7324132898454074,0
156,無 法 註 冊 登 入 無 法 登 入,1083,0.7324132898454074,0
157,無 法 註 冊 登 入 無 法 登 入,1084,0.7324132898454074,0
158,無 法 註 冊 登 入 無 法 登 入,1085,0.7324132898454074,0
159,無 法 註 冊 登 入 無 法 登 入,1086,0.7324132898454074,0
160,無 法 註 冊 登 入 無 法 登 入,1087,0.7324132898454074,0
161,無 法 註 冊 登 入 無 法 註 冊,1091,0.7323714257659194,0
162,無 法 註 冊 登 入 無 法 登 入 信箱,1088,0.7323415558414796,0
163,雲 無 法 註 冊 登 入 登 入 問 題,859,0.7310646984919851,0
164,無 法 註 冊 登 入 忘 記 密 碼,209,0.7308729756486027,0
165,無 法 註 冊 登 入 忘 記 密 碼,210,0.7308729756486027,0
166,無 法 註 冊 登 入 忘 記 密 碼,1043,0.7308729756486027,0
167,無 法 註 冊 登 入 忘 記 密 碼,1044,0.7308729756486027,0
168,無 法 註 冊 登 入 忘 記 密 碼,1045,0.7308729756486027,0
169,無 法 註 冊 登 入 忘 記 密 碼 快,1046,0.7308729756486027,0
170,無 法 註 冊 登 入 帳 密 忘 記,204,0.7308676255188307,0
171,無 法 註 冊 登 入 帳 密 忘 記,1034,0.7308676255188307,0
172,雲 無 法 註 冊 登 入校 師無 法 註 冊,853,0.7274306056310063,0
173,雲 無 法 註 冊 登 入 畢 業 無 法 登 入,863,0.7253522406593516,0
174,雲桃園 觀 音高 入網 登入 無法進 信箱 無 法 註 冊 登 入 出 現 資 料 庫 錯 誤,1772,0.723539840139629,0
175,無 法 註 冊 登 入 找 登 入 入,212,0.719848184061444,0
176,無 法 註 冊 登 入 找 登 入 入,1049,0.719848184061444,0
177,雲 投姓 錯誤 畫面 無法 建立 雲遠端 認證 資訊 無 法 註 冊 登 入 無 法 登 入 郵 件 信箱,1596,0.7190727466338609,0
178,雲 投姓 錯誤 畫面 無法 建立 雲遠端 認證 資訊 無 法 註 冊 登 入 無 法 登 入 郵 件 信箱,1597,0.7190727466338609,0
179,雲 投姓 錯誤 畫面 無法 建立 雲遠端 認證 資訊 無 法 註 冊 登 入 無 法 登 入 郵 件 信箱,1757,0.7190727466338609,0
180,雲竹關 東無法 登入 系統 錯誤 無 法 註 冊 登 入 學 生 帳 號 無 法 登 入,1600,0.7145034796442287,0
181,雲竹關 東無法 登入 系統 錯誤 無 法 註 冊 登 入 學 生 帳 號 無 法 登 入,1601,0.7145034796442287,0
182,雲竹關 東無法 登入 系統 錯誤 無 法 註 冊 登 入 學 生 帳 號 無 法 登 入,1768,0.7145034796442287,0
183,無 法 註 冊 登 入 問 換 縣 無 法 信箱,1116,0.7139338131133768,0
184,無 法 註 冊 登 入 學 校 理 異 動,196,0.7135989773221291,0
185,無 法 註 冊 登 入 學 校 理 異 動,1014,0.7135989773221291,0
186,雲賀 建理 異動 無 法 註 冊 登 入 學 校 理 異 動,1764,0.7135989773221291,0
187,無 法 註 冊 登 入 錯 誤 合法 洽縣理,240,0.7135576023307973,0
188,無 法 註 冊 登 入 錯 誤 合法 洽縣理,243,0.7135576023307973,0
189,無 法 註 冊 登 入 錯 誤 合法 洽縣理,1127,0.7135576023307973,0
190,無 法 註 冊 登 入 錯 誤 訊 息,241,0.7135574494357833,0
191,無 法 註 冊 登 入 無 法 登 陸,1090,0.71326512132917,0
192,無 法 註 冊 登 入 網 路 登 入 障 礙,1109,0.7128885801800752,0
193,無 法 註 冊 登 入 忘 密 碼,208,0.7113670603308305,0
194,無 法 註 冊 登 入 忘 密 碼,1042,0.7113670603308305,0
195,無 法 註 冊 登 入 帳 號 問 題,1039,0.7111058255719939,0
196,無 法 註 冊 登 入 關 帳 號 問 題,1144,0.7111058255719939,0
197,無 法 註 冊 登 入 登 入 問 題,1104,0.7108532946546413,0
198,無 法 註 冊 登 入 登 入 問 題,1105,0.7108532946546413,0
199,無 法 註 冊 登 入 登 入 問 題,1106,0.7108532946546413,0
200,無 法 註 冊 登 入校 師無 法 註 冊,217,0.7074619500037788,0
201,無 法 註 冊 登 入校 師無 法 註 冊,1060,0.7074619500037788,0
202,無 法 註 冊 登 入校 園帳 號無 法 註 冊,1061,0.7074619500037788,0
203,無 法 註 冊 登 入校 園帳 號無 法 註 冊,1062,0.7074619500037788,0
204,無 法 註 冊 登 入校 園帳 號無 法 註 冊,1063,0.7074619500037788,0
205,雲花 蓮花崗 無 法 註 冊 登 入校 園帳 號無 法 註 冊,1777,0.7074619500037788,0
206,無 法 註 冊 登 入 畢 業 無 法 登 入,232,0.7066509703252986,0
207,無 法 註 冊 登 入 畢 業 無 法 登 入,1103,0.7066509703252986,0
208,無 法 註 冊 登 入 為 無 法 登 入,1068,0.7054629524451392,0
209,雲 彰化 村申 帳號 直 出現 錯誤 無 法 註 冊 登 入 學 生 申 雲 信箱 直出 現錯誤,1598,0.7021794379614926,0
210,雲 彰化 村申 帳號 直 出現 錯誤 無 法 註 冊 登 入 學 生 申 雲 信箱 直出 現錯誤,1599,0.7021794379614926,0
211,雲 彰化 村申 帳號 直 出現 錯誤 無 法 註 冊 登 入 學 生 申 雲 信箱 直出 現錯誤,1766,0.7021794379614926,0
212,無 法 註 冊 登 入 原 密 碼 為 密 碼 錯 誤,1008,0.7003576235673454,0
213,無 法 註 冊 登 入理 系統 找 增 註 冊 資 料,1108,0.6973140391024012,0
214,無 法 註 冊 登 入 密 碼 尋 回,1026,0.691477805454828,0
215,無 法 註 冊 登 入 无法 註 冊,214,0.6911427137478193,0
216,無 法 註 冊 登 入 无法 註 冊,1056,0.6911427137478193,0
217,無 法 註 冊 登 入 操作 加無 法 註 冊 問 題,1050,0.687756817302571,0
218,無 法 註 冊 登 入 直 線 終 斷,191,0.6837698640218686,0
219,無 法 註 冊 登 入 直 線 終 斷,860,0.6837698640218686,0
220,無 法 註 冊 登 入 直 線 終 斷,1000,0.6837698640218686,0
221,無 法 註 冊 帳 號 直 顯 示 帳 號 建立 失敗 幫忙,374,0.6760877053898802,0
222,雲 無 法 註 冊 登 入 無 法 註 冊 成功 系統 顯示系 問題,849,0.6751444876353311,0
223,無 法 註 冊 帳 號 改 帳 號 事宜 帳,391,0.6661279667137517,0
224,無 法 註 冊 登 入 合法,1001,0.6656555103922743,0
225,無 法 註 冊 登 入 申,231,0.665604040135994,0
226,無 法 註 冊 登 入 申,1102,0.665604040135994,0
227,無 法 註 冊 登 入 進,1123,0.665467989750035,0
228,雲入 網 註 冊 出 現 錯 誤 提示,262,0.6654678927816101,0
229,雲入 網 註 冊 出 現 錯 誤 提示,994,0.6654678927816101,0
230,雲入 網 註 冊 出 現 錯 誤 提示,1168,0.6654678927816101,0
231,無 法 註 冊 登 入 天 雲 端 電 子 信,1122,0.6537755095257295,0
232,雲竹縣 關西 設定 問題 無 法 註 冊 登 入 帳 密 設 定 錯 誤,181,0.648621450785016,0
233,麻煩 刪 信箱 學 生 註 冊 錯 誤 生 申 組,1715,0.6442067516357805,0
234,麻煩 刪 信箱 學 生 註 冊 錯 誤 生 申 組,1816,0.6442067516357805,0
235,雲花蓮縣 文蘭 登入 出現 密碼 錯誤 認證 無 法 註 冊 登 入 密 碼 錯 誤 認 證,182,0.6380324758242633,0
236,無 法 註 冊 登 入,189,0.6350896340753234,0
237,無 法 註 冊 登 入 宜 芳,193,0.6350896340753234,0
238,無 法 註 冊 登 入 屆 期限,202,0.6350896340753234,0
239,無 法 註 冊 登 入 警告,238,0.6350896340753234,0
240,無 法 註 冊 登 入 警告,264,0.6350896340753234,0
241,無 法 註 冊 登 入,999,0.6350896340753234,0
242,無 法 註 冊 登 入 宜 芳,1003,0.6350896340753234,0
243,無 法 註 冊 登 入 屆 期限,1031,0.6350896340753234,0
244,無 法 註 冊 登 入 益 舊 信箱 訊息否 讀取,237,0.6335188729174079,0
245,無 法 註 冊 登 入 益 舊 信箱 訊息否 讀取,1117,0.6335188729174079,0
246,理 介面 無 法 註 冊 員,1665,0.6303206996531536,0
247,理 介面 無 法 註 冊 員,1666,0.6303206996531536,0
248,無 法 註 冊 登 入 遺 忘 密 碼 否 修改 密碼 結 找裡,1125,0.6265909158607762,0
249,雲 無 法 註 冊 登 入校 園雲端 郵件 頁 無法結,846,0.6263347264152881,0
250,雲 無 法 註 冊 登 入校 園雲端 郵件 頁 無法結,847,0.6263347264152881,0
251,無 法 註 冊 登 入 桃 園 入 網 常常 無法 登入,218,0.6231394560572108,0
252,無 法 註 冊 登 入 桃 園 入 網 常常 無法 登入,1064,0.6231394560572108,0
253,雲 無 法 註 冊 登 入 陳 霓,852,0.6194922488466155,0
254,無 法 註 冊 登 入 錯 誤 伺服器 回傳 資訊 無法 通驗證,242,0.6190633678549919,0
255,無 法 註 冊 登 入 錯 誤 伺服器 回傳 資訊 無法 通驗證,1126,0.6190633678549919,0
256,無 法 註 冊 登 入 進 入校 園雲端 電郵主畫 面無法 轉址 進入 選 隻 貓畫面,1124,0.609417720499209,0
257,監 察院 試 註 冊 出 現 資 料 庫 錯 誤,708,0.6082713256218094,0
258,無 法 註 冊 登 入 無 法 完成 雲端 電子 信箱 啟,220,0.6001838070047468,0
259,無 法 註 冊 登 入 無 法 完成 雲端 電子 信箱 啟,1069,0.6001838070047468,0
260,無 法 註 冊 登 入 無 法 註 冊 成功 系統 顯示 系統 問題,229,0.5961071569628122,0
261,信箱 印度 航空 註 冊 訂 機 票 網 址 無 法,346,0.5947065912804709,0
262,無 法 註 冊 登 入校 園雲端 郵件 頁 無法結,263,0.5944671020841992,0
263,雲東 山理 介面 無 法 註 冊 員,1762,0.5920727024269044,0
264,確認 格式 無 法 註 冊 登 入 測 試 無 法 建立 帳號,292,0.5914123483409766,0
265,確認 格式 無 法 註 冊 登 入 測 試 無 法 建立 帳號,1701,0.5914123483409766,0
266,無 法 註 冊 登 入 認 證 信件 無法 收認 證信,188,0.5907348543338128,0
267,無 法 註 冊 登 入 認 證 信件 無法 收認 證信,998,0.5907348543338128,0
268,無 法 註 冊 登 入 陳 霓,1145,0.5869608159291608,0
269,無 法 註 冊 登 入 永安 乙班 學生 劉芯慈,1065,0.5845894207450638,0
270,無 法 註 冊 登 入 永安 乙班 學生 劉芯慈,1066,0.5845894207450638,0
271,無 法 註 冊 登 入 雲 端 信箱 無法 登入,1051,0.5818585363421076,0
272,無 法 註 冊 登 入 沒,219,0.5816890757240037,0
273,雲竹 縣玉峰 登入 出現 系統 錯誤 無 法 註 冊 登 入 無 法 登 入 信箱 問題,1602,0.5706615502437907,0
274,雲竹 縣玉峰 登入 出現 系統 錯誤 無 法 註 冊 登 入 無 法 登 入 信箱 問題,1603,0.5706615502437907,0
275,註 冊 問 題 竹 縣 雙 溪,629,0.5621430378162846,0
276,註 冊 問 題 竹 縣 雙 溪,1694,0.5621430378162846,0
277,註 冊 問 題 竹 縣 雙 溪,1695,0.5621430378162846,0
278,無 法 註 冊 登 入校 園雲端 郵件,213,0.5557396309819849,0
279,無 法 註 冊 拜 託 改,311,0.5540717265952717,0
280,無 法 註 冊 完成,401,0.5485455845102122,0
281,無 法 註 冊 完成,1300,0.5485455845102122,0
282,無 法 註 冊 完成,1301,0.5485455845102122,0
283,無 法 註 冊 登 入校 園雲端 電子,1004,0.5430470784635899,0
284,無 法 註 冊 登 入校 園雲端 電子,1005,0.5430470784635899,0
285,無 法 註 冊 登 入 驗 證 完竣 無法 進入 信箱 系統,233,0.5404461502876078,0
286,無 法 註 冊 登 入 無 法 收 特定 外郵件 無法 登入,221,0.529294576280269,0
287,無 法 註 冊 登 入 無 法 收 特定 外郵件 無法 登入,1071,0.529294576280269,0
288,雲 永康 無 法 註 冊 信箱 系統 錯誤 傅老師生 申錯 誤畫 面查 永康,837,0.5286975351478556,0
289,雲 永康 無 法 註 冊 信箱 系統 錯誤 傅老師生 申錯 誤畫 面查 永康,1763,0.5286975351478556,0
290,無 法 註 冊 登 入 為 沒 高,1067,0.5071896246541888,0
291,無 法 註 冊 登 入 全班 學生 皆 無法 進入,1006,0.49907210620438786,0
292,刪 修改 帳號帳 號 註 冊 錯 誤 否 修改,171,0.49058950556239833,0
293,無 法 註 冊 信箱 帳號 建立 失敗,421,0.4896239074518846,0
294,無 法 註 冊 信箱 帳號 建立 失敗,1315,0.4896239074518846,0
295,刪 修改 帳號 位學 生 註 冊 錯 誤 信箱 帳號 否次 刪,168,0.4067535809089302,0
296,刪 修改 帳號 位學 生 註 冊 錯 誤 信箱 帳號 否次 刪,932,0.4067535809089302,0
297,刪 修改 帳號 位學 生 註 冊 錯 誤 信箱 帳號 否次 刪,933,0.4067535809089302,0
298,刪 修改 帳號 位學 生 註 冊 錯 誤 信箱 帳號 否次 刪,934,0.4067535809089302,0
299,理 介面 功,649,0.4056076944857229,0
300,理 介面 功,1414,0.4056076944857229,0
301,京城 商業 銀行 無 法 註 冊 成功 申試,661,0.40108742931093594,0
302,京城 商業 銀行 無 法 註 冊 成功 申試,662,0.40108742931093594,0
303,京城 商業 銀行 無 法 註 冊 成功 申試,663,0.40108742931093594,0
304,京城 商業 銀行 無 法 註 冊 成功 申試,664,0.40108742931093594,0
305,京城 商業 銀行 無 法 註 冊 成功 申試,1417,0.40108742931093594,0
306,操作 問題 無法校 師學 生 註 冊,981,0.39906424709051036,0
307,操作 問題 無法校 師學 生 註 冊,982,0.39906424709051036,0
308,雲高雄 加昌無法 登入 信箱 重 註 冊 申 信箱 問題,1782,0.3740837569066999,0
309,雃 博 調 整 線 路 記 錄 指定 問題,1742,0.3661740304576494,0
310,雃 博 調 整 線 路 記 錄 指定 問題,1743,0.3661740304576494,0
311,雲 苗栗 縣無法 登入詢 問關 電子 郵件 反應慢 問題,839,0.3000510581296357,0
312,訊 快 遞個 資盤 服務滿 週歲 成績 傲,514,0.285715193435902,0
313,宜宜開 網頁 進,923,0.2841229491584308,0
314,宜開 網頁 進,1751,0.2841229491584308,0
315,端 正式 公開,722,0.2657457848880651,0
316,苗栗 農工 需 工程 師協助 重匯入 帳號,1353,0.25107955313700503,0
317,帳號 復 原想續 約 幫忙確 認否 復 原舊 資料 帳號 信箱,354,0.7392693548045594,1
318,帳號 復 原想續 約 幫忙 復 原舊 資料 協助 處理,381,0.7286476038042311,1
319,帳號 復 原想續 約 幫忙確 認否 復 原舊 資料,312,0.713507082108442,1
320,帳號 復 原想續 約 幫忙確 認否 復 原舊 資料,328,0.713507082108442,1
321,帳號 復 原想續 約 幫忙確 認否 復 原舊 資料,375,0.713507082108442,1
322,帳號 復 原想續 約 幫忙 復 原舊 資料 帳號,377,0.7126396515981992,1
323,想續 約 幫忙確 認否 復 原舊 資料 帳號續 問題,369,0.6934139058508114,1
324,想續 約 幫忙確 認否 復 原舊 資料 帳號續 問題,1277,0.6934139058508114,1
325,想續 約 幫忙確 認否 復 原舊 資料 帳號續 問題,1278,0.6934139058508114,1
326,帳號 復 原想續 約 幫忙 檢查否 復 原舊 資料,334,0.691135502341097,1
327,帳號 復 原想續 約 幫忙 復 原舊 資料,347,0.691135502341097,1
328,帳號 復 原想續 約 幫忙 復 原舊 資料,368,0.691135502341097,1
329,帳號 復 原想續 約 幫忙 復 原舊 資料,396,0.691135502341097,1
330,帳號 復 原想續 約 幫忙 復 原舊 資料,415,0.691135502341097,1
331,帳號 復 原想續 約 幫忙 復 原舊 資料,448,0.691135502341097,1
332,帳號 復 原想續 約 幫忙 復 原舊 資料,1297,0.691135502341097,1
333,帳號 復 原想續 約 幫忙 復 原舊 資料,1333,0.691135502341097,1
334,密碼 空白 字元 無法續 約 無法 重設 密碼 回覆 處理 目前 窘境 期 前天 續 通知 信函,394,0.6904778359244952,1
335,密碼 空白 字元 無法續 約 無法 重設 密碼 回覆 處理 目前 窘境 期 前天 續 通知 信函,1296,0.6904778359244952,1
336,維護期 通知 殷富 資訊 股份 限 公司 際 康健 壽保險 股份 限 公司,272,0.6765415316946465,1
337,維護期 通知 殷富 資訊 股份 限 公司 際 康健 壽保險 股份 限 公司,1391,0.6765415316946465,1
338,業務 問題 橋華 實業 需加 購 容量 郵件 備份 服務備 份 空間 足 倒 數天 刪舊 資料 通知,532,0.6739487413906864,1
339,想續 約 幫忙確 認否 復 原舊 資料,366,0.6665333641069064,1
340,想續 約 幫忙確 認否 復 原舊 資料,445,0.6665333641069064,1
341,帳號 復 原想續 約 幫忙否 復 原舊 資料,388,0.665540049040763,1
342,神通 資訊 股份 限 公司 出現 資料 庫 增失敗 協助,1412,0.6646608454339942,1
343,辦理續 約 出現 認證 失敗期 前天 續 通知 信函,450,0.6502263676514138,1
344,業務 問題 高雄治 行業務 諮 詢為 高雄里長 設電子 信箱,287,0.6427527660456935,1
345,業務 問題 高雄治 行業務 諮 詢為 高雄里長 設電子 信箱,1194,0.6427527660456935,1
346,業務 問題 高雄治 行業務 諮 詢為 高雄里長 設電子 信箱,1195,0.6427527660456935,1
347,業務 問題 高雄治 行業務 諮 詢為 高雄里長 設電子 信箱,1196,0.6427527660456935,1
348,業務 問題 高雄治 行業務 諮 詢為 高雄里長 設電子 信箱,1197,0.6427527660456935,1
349,業務 問題 高雄治 行業務 諮 詢為 高雄里長 設電子 信箱,1590,0.6427527660456935,1
350,業務 問題 高雄治 行業務 諮 詢為 高雄里長 設電子 信箱,1749,0.6427527660456935,1
351,業務 問題 高雄治 行業務 諮 詢為 高雄里長 設電子 信箱,1750,0.6427527660456935,1
352,想續 約 幫忙 復 原舊 資料,348,0.6358393224041681,1
353,想續 約 幫忙 復 原舊 資料,365,0.6358393224041681,1
354,想續 約 幫忙 復 原舊 資料,400,0.6358393224041681,1
355,無法續 購 信箱 出現 認證 失敗 重確 認輸入 帳號 密碼 信箱 期權限 調降 通知,430,0.6295768492928329,1
356,無法續 購 信箱 出現 認證 失敗 重確 認輸入 帳號 密碼 信箱 期權限 調降 通知,1321,0.6295768492928329,1
357,無法續 購 信箱 出現 認證 失敗 重確 認輸入 帳號 密碼 信箱 期權限 調降 通知,1322,0.6295768492928329,1
358,維護期 通知 睿明 資通 股份 限 公司,1392,0.6183146133506644,1
359,維護期 通知 睿明 資通 股份 限 公司,1393,0.6183146133506644,1
360,維護期 通知 睿明 資通 股份 限 公司,1394,0.6183146133506644,1
361,維護期 通知 睿明 資通 股份 限 公司,1395,0.6183146133506644,1
362,維護期 通知 睿明 資通 股份 限 公司,1396,0.6183146133506644,1
363,維護期 通知 睿明 資通 股份 限 公司,1397,0.6183146133506644,1
364,維護期 通知 睿明 資通 股份 限 公司,1398,0.6183146133506644,1
365,續 購個 資料 問題 續 約,336,0.599641144499833,1
366,續 購個 資料 問題 續 約,337,0.599641144499833,1
367,續 購個 資料 問題 續 約,1257,0.599641144499833,1
368,續 購個 資料 問題 續 約,1266,0.599641144499833,1
369,兩岸 漫遊通 服務份 問題 狀況 歉聲明 永享 資訊,507,0.5937024583457687,1
370,兩岸 漫遊通 服務份 問題 狀況 歉聲明 永享 資訊,508,0.5937024583457687,1
371,瑞寶基 修改 理資訊 方便 幫忙 開瑞寶基次 正式 測試 授權,1464,0.5905062341134268,1
372,網站 備份紀 錄版為 個 前,1173,0.5865945937868766,1
373,網站 備份紀 錄版為 個 前,1219,0.5865945937868766,1
374,網站 備份紀 錄版為 個 前,1220,0.5865945937868766,1
375,網站 備份紀 錄版為 個 前,1221,0.5865945937868766,1
376,網站 備份紀 錄版為 個 前,1222,0.5865945937868766,1
377,網站 備份紀 錄版為 個 前,1223,0.5865945937868766,1
378,網站 備份紀 錄版為 個 前,1224,0.5865945937868766,1
379,網站 備份紀 錄版為 個 前,1227,0.5865945937868766,1
380,網站 備份紀 錄版為 個 前,1680,0.5865945937868766,1
381,網站 備份紀 錄版為 個 前,1681,0.5865945937868766,1
382,網站 備份紀 錄版為 個 前,1682,0.5865945937868766,1
383,問登入 異常 警示 通知 信否 英文 範帳 號登入 異常 警示,402,0.5843786305698563,1
384,問登入 異常 警示 通知 信否 英文 範帳 號登入 異常 警示,403,0.5843786305698563,1
385,帳號 復 原幫 忙 復 原舊 資料 帳號 無法 登入,358,0.5738226530868928,1
386,裕元開 發裕元開 發建設 股份 限 公司 預約期 前 通知 書,713,0.5721156478234338,1
387,裕元開 發裕元開 發建設 股份 限 公司 預約期 前 通知 書,1470,0.5721156478234338,1
388,裕元開 發裕元開 發建設 股份 限 公司 預約期 前 通知 書,1471,0.5721156478234338,1
389,裕元開 發裕元開 發建設 股份 限 公司 預約期 前 通知 書,1472,0.5721156478234338,1
390,出現 資料 庫 增失敗 協助,1534,0.5697546910333179,1
391,出現 資料 庫 增失敗 協助,1535,0.5697546910333179,1
392,出現 資料 庫 增失敗 協助,1536,0.5697546910333179,1
393,出現 資料 庫 增失敗 協助,1539,0.5697546910333179,1
394,出現 資料 庫 增失敗 協助,1540,0.5697546910333179,1
395,出現 資料 庫 增失敗 協助,1541,0.5697546910333179,1
396,出現 資料 庫 增失敗 協助,1542,0.5697546910333179,1
397,出現 資料 庫 增失敗 協助,1548,0.5697546910333179,1
398,幫忙 復 原舊 資料 問關 停 信箱,386,0.5687193175133441,1
399,帳號 復 原想續 約關 恢 復 舊 信箱,320,0.5669973320629191,1
400,公關 帳號續 約 事宜,284,0.5554834258425234,1
401,公關 帳號續 約 事宜,1191,0.5554834258425234,1
402,北童家變 網域 增網域 北童家,1586,0.5552580822095149,1
403,北童家變 網域 增網域 北童家,1587,0.5552580822095149,1
404,北童家變 網域 增網域 北童家,1588,0.5552580822095149,1
405,北童家變 網域 增網域 北童家,1589,0.5552580822095149,1
406,北童家變 網域 增網域 北童家,1746,0.5552580822095149,1
407,北童家變 網域 增網域 北童家,1747,0.5552580822095149,1
408,帳號 復 原想續 約,323,0.5532503619748809,1
409,帳號 復 原想續 約 请问,390,0.5532503619748809,1
410,帳號 復 原想續 約,392,0.5532503619748809,1
411,帳號 復 原想 辦理續 約,389,0.5532497921415955,1
412,兩岸 漫遊通 服務份 問題 狀況 歉聲 明仲捷 興業,505,0.5527520581866187,1
413,兩岸 漫遊通 服務份 問題 狀況 歉聲 明帝 璞 噴墨,506,0.5527520581866187,1
414,兩岸 漫遊通 服務份 問題 狀況 歉聲 明邁 利德,510,0.5527520581866187,1
415,密碼 空白 無法續 約 申 信箱 續約,352,0.5520985099419504,1
416,盜 帳號 疑似 盜發 信問,1251,0.55048806263621,1
417,盜 帳號 疑似 盜發 信問,1260,0.55048806263621,1
418,方便 幫忙 開瑞寶基次 正式 測試 授權,1616,0.5481837190591756,1
419,方便 幫忙 開瑞寶基次 正式 測試 授權,1617,0.5481837190591756,1
420,方便 幫忙 開瑞寶基次 正式 測試 授權,1618,0.5481837190591756,1
421,方便 幫忙 開瑞寶基次 正式 測試 授權,1619,0.5481837190591756,1
422,方便 幫忙 開瑞寶基次 正式 測試 授權,1620,0.5481837190591756,1
423,協助 回覆 煩查 詢張 發票 購買 資料,1697,0.5456763912098966,1
424,協助 回覆 煩查 詢張 發票 購買 資料,1810,0.5456763912098966,1
425,業務 問題 捕夢網 服心 兩岸 郵件 通續 約 事宜,1384,0.5452723808044034,1
426,帳號 盜 通知 量 發信 帳號 報表,827,0.5353696054773234,1
427,信超媒 剩餘次 數確 認,683,0.5320357646631863,1
428,信超媒 剩餘次 數確 認,684,0.5320357646631863,1
429,信超媒 剩餘次 數確 認,1433,0.5320357646631863,1
430,信超媒 剩餘次 數確 認,1434,0.5320357646631863,1
431,信超媒 剩餘次 數確 認,1572,0.5320357646631863,1
432,信超媒 剩餘次 數確 認,1573,0.5320357646631863,1
433,業務 問題 懋展 企業 需加 購個 帳號,528,0.531427623084661,1
434,業務 問題 睿果 生物 需加 購個 帳號,597,0.5253715335881383,1
435,幫忙 復 原舊 資料 忘 記密碼 無法 登入,440,0.5253317426736749,1
436,幫忙 復 原舊 資料 忘 記密碼 無法 登入,1327,0.5253317426736749,1
437,幫忙 復 原舊 資料 忘 記密碼 無法 進入,1241,0.5233167140368129,1
438,業務 問題 壬寅 際 需加 購個 帳號,525,0.5230702675780267,1
439,派送 問題 鍾 顧 問續 約,127,0.5157580564037738,1
440,派送 問題 鍾 顧 問續 約,809,0.5157580564037738,1
441,派送 問題 鍾 顧 問續 約,1517,0.5157580564037738,1
442,交流 園幫 忙 復 原舊 資料 問帳 號關閉,460,0.5156643481908424,1
443,兩岸 漫遊通 服務份 問題 狀況 歉聲 明真益 電子,509,0.5142861280859996,1
444,續約 贈 送 免費 網域 信箱 想 轉原 信箱,429,0.5063690896382393,1
445,幫忙 復 原舊 資料 信箱 無法,410,0.5055127689949191,1
446,業務 問題 蔡姐 想 瞭解 企業 信箱 方案,8,0.5039568250340765,1
447,業務 問題 蔡姐 想 瞭解 企業 信箱 方案,619,0.5039568250340765,1
448,業務 問題 蔡姐 想 瞭解 企業 信箱 方案,620,0.5039568250340765,1
449,業務 問題 蔡姐 想 瞭解 企業 信箱 方案,621,0.5039568250340765,1
450,幫忙 復 原舊 資料問 信箱 帳號 關閉 付費 重啟,423,0.5032217135583827,1
451,公關 帳號續 約,1544,0.499928702692056,1
452,公關 帳號續 約,1550,0.499928702692056,1
453,公關 帳號續 約,1723,0.499928702692056,1
454,公關 帳號續 約,1724,0.499928702692056,1
455,業務 問題 劉姐 想 瞭解 企業 信箱,1582,0.49678065803083155,1
456,業務 問題 劉姐 想 瞭解 企業 信箱,1738,0.49678065803083155,1
457,網站 代系統 通知 硬碟 空間 網站 頻寬超 限制,257,0.49659066658900763,1
458,幫忙 復 原 舊資 料想 續約,331,0.4935989154000099,1
459,遠東際 裝機 資訊,1559,0.48988712910074406,1
460,遠東際 裝機 資訊,1560,0.48988712910074406,1
461,遠東際 裝機 資訊,1561,0.48988712910074406,1
462,遠東際 裝機 資訊,1567,0.48988712910074406,1
463,遠東際 裝機 資訊,1568,0.48988712910074406,1
464,遠東際 裝機 資訊,1569,0.48988712910074406,1
465,遠東際 裝機 資訊,1730,0.48988712910074406,1
466,甲事 帳號 盜 發信,72,0.48980072796464486,1
467,甲事 帳號 盜 發信,918,0.48980072796464486,1
468,幸康 企業 修改 帳號,1576,0.48770946043027086,1
469,正信 超媒 剩餘次 數確 認,141,0.4873532207045316,1
470,業務 問題 協崑 想 瞭解 郵件 代服務,825,0.48365827260289346,1
471,業務 問題 協崑 想 瞭解 郵件 代服務,1748,0.48365827260289346,1
472,無法 忘 記密碼 申密碼 忘 記密碼 無法馬 處理 信心 哭,321,0.47354671369241685,1
473,娜 亞際備 份 帳號 數量 問題 問題 關備 份 出包,1594,0.4731296759073415,1
474,業務 問題 坤霖 實業 辦理續 約,524,0.4730787161143548,1
475,業務 問題 松際 需加 購個 帳號,85,0.47066828110878717,1
476,業務 問題 欣亞 需加 購個 帳號,533,0.47066828110878717,1
477,業務 問題 藍 海海 運 需加 購個 帳號,598,0.47066828110878717,1
478,業務 問題 果陀 劇場 需加 購個 帳號,761,0.47066828110878717,1
479,業務 問題 友理 法律 需加 購個 帳號,770,0.47066828110878717,1
480,業務 問題 松際 需加 購個 帳號,784,0.47066828110878717,1
481,業務 問題 統達源 需加 購 帳號,99,0.4706470506779271,1
482,業務 問題 統達源 需加 購 帳號,108,0.4706470506779271,1
483,業務 問題 統達源 需加 購 帳號,800,0.4706470506779271,1
484,轉寄華 高雄 測試 帳號 鍾 顧 問華資訊,293,0.4688829777103669,1
485,轉寄華 高雄 測試 帳號 鍾 顧 問華資訊,1203,0.4688829777103669,1
486,轉寄華 高雄 測試 帳號 鍾 顧 問華資訊,1204,0.4688829777103669,1
487,轉寄華 高雄 測試 帳號 鍾 顧 問華資訊,1205,0.4688829777103669,1
488,復 原舊 帳號 資料 無法 登入,380,0.4548489220721587,1
489,復 原舊 帳號 資料 無法 登入,1283,0.4548489220721587,1
490,幫忙 復 原舊 資料 信箱 無法 登入,341,0.4543238566289106,1
491,業務 問題 安倍 股份 限 公司 續約 報價 網擎期 前天 續 通知 安倍 股份 限 公司,1382,0.4506252642075533,1
492,協助 換續 約 個 專屬 優惠,339,0.4444033912807852,1
493,協助 換續 約 個 專屬 優惠,340,0.4444033912807852,1
494,無法續 購 信箱,437,0.44393378042323545,1
495,無法續 購 信箱,438,0.44393378042323545,1
496,灣芝浦 電腦 帳號 盜 發信,75,0.43948135078068074,1
497,灣芝浦 電腦 帳號 盜 發信,781,0.43948135078068074,1
498,認證 失敗 無法續 購 信箱,412,0.43875698427066734,1
499,業務 問題 資通 電腦 想 瞭解 服務資 通電腦,707,0.4381777031318545,1
500,業務 問題 資通 電腦 想 瞭解 服務資 通電腦,1467,0.4381777031318545,1
501,業務 問題 推薦 崑 仰電子 企業 信箱 代想續 信箱 續,529,0.4369969599107325,1
502,希續 購元 問續 約,1270,0.4284573444622012,1
503,想續 約 救回 舊資料,345,0.4284568458313564,1
504,煩查 詢張 發票 購買 資料,1661,0.4283450637704915,1
505,幫忙 檢查 信箱 否異 常無法 登出,418,0.42653181757816216,1
506,幫忙 檢查 信箱 否異 常無法 登出,1313,0.42653181757816216,1
507,幫忙 檢查 信箱 否異 常無法 登出,1314,0.42653181757816216,1
508,康健 壽盤 主機 重安裝 康健 壽授 權數量,697,0.42603408315065383,1
509,業務 問題 太動產 股份 限 公司 辦理續 約,522,0.42496848250547253,1
510,探針 疑似 盜發,466,0.4239760686899479,1
511,探針 疑似 盜發,902,0.4239760686899479,1
512,探針 疑似 盜發,903,0.4239760686899479,1
513,問處理 帳號 盜,1274,0.4214686568853482,1
514,業務 問題 北斗星 實業限 公司 需加 購個 帳號,519,0.4198627675455707,1
515,業務 問題 申企業 網域 位 企業 信箱,580,0.4188383760892697,1
516,康健 壽 問題,286,0.4184609037525544,1
517,康健 壽 問題,1193,0.4184609037525544,1
518,空沒備 份 檔錯 資訊 截圖,1165,0.41480291753989973,1
519,業務 問題 貝泰 需加 購個 帳號 希天 開通,802,0.41173864826698536,1
520,無法開 啟備 份 碟 出現,316,0.4083891440363202,1
521,億康 生物 股份 限 公司 系統掛,69,0.4037145963308066,1
522,希天 收回 覆業務 問題 智衍 想 先 瞭解 企業 信箱 代服務 價格,136,0.39776618336296093,1
523,業務 問題 誠杏萬欣 著加 購個 帳號,112,0.3907116024469358,1
524,業務 問題 誠杏萬欣 著加 購個 帳號,801,0.3907116024469358,1
525,生寶 生物 專端 盤載 資訊,158,0.38898549175934793,1
526,生寶 生物 專端 盤載 資訊,159,0.38898549175934793,1
527,刪 修改 帳號 密碼 錯誤,169,0.3884084072229731,1
528,刪 修改 帳號 密碼 錯誤,935,0.3884084072229731,1
529,郵件代 服務續 約 報價 資料,1376,0.38396603022148756,1
530,泓彥 資訊 找 郵件 主機掛,258,0.3832395031562033,1
531,泓彥 資訊 找 郵件 主機掛,911,0.3832395031562033,1
532,業務 問題 樺 明室 裝修 設計限 公司 辦理續 約,531,0.3785202561417532,1
533,業務 問題 遠祥際限 公司 辦理續 約,600,0.3785202561417532,1
534,業務 問題 遠祥際限 公司 辦理續 約,1375,0.3785202561417532,1
535,無法 進行 信匣備 份 信箱 容量 加,469,0.3775977268679347,1
536,詢問 升級 事宜,1696,0.3772407940712309,1
537,詢問 升級 事宜,1809,0.3772407940712309,1
538,知道 服務關 閉想載 前備 份 資料,1217,0.3746032920595427,1
539,業務 問題 北府 資訊,277,0.374056235645684,1
540,業務 問題 北府 資訊,736,0.374056235645684,1
541,業務 問題 北府 資訊,1505,0.374056235645684,1
542,服 回覆 昱 勝資訊 申試 方式 續開 通作業,511,0.3716523017668169,1
543,服 回覆 昱 勝資訊 申試 方式 續開 通作業,512,0.3716523017668169,1
544,服 回覆 昱 勝資訊 申試 方式 續開 通作業,513,0.3716523017668169,1
545,崎重車 沒幫 設定 代型 付費員啟 通知 崎重車 股份 限 公司 代,1591,0.3702768314415522,1
546,帳號 盜 問否 設定 為 開啟 盜 通知 遭盜,451,0.3698094870141188,1
547,帳號 帳號 錯誤,1411,0.36679670230549233,1
548,業務 問題 創美詢 問續 約 問題,518,0.36634828897220256,1
549,業務 問題 寰宇 際詢 問續 約 問題,527,0.36634828897220256,1
550,業務 問題 創美詢 問續 約 問題,1355,0.36634828897220256,1
551,甲查詢 帳號 盜 發送量 信件,73,0.36311163791769285,1
552,業務 問題 行動 智慧 辦理續 約,599,0.35947787825332744,1
553,詢問 問題 企業 信箱,605,0.3588866022103956,1
554,北府 資訊 升級 正式版,172,0.3526123854077789,1
555,北府 資訊 升級 正式版,938,0.3526123854077789,1
556,業務 問題 源生 想 瞭解 服務 建雲端 皆 談,463,0.3526090848360204,1
557,業務 問題 源生 想 瞭解 服務 建雲端 皆 談,464,0.3526090848360204,1
558,刪 修改 帳號 申錯誤,937,0.3442949388271868,1
559,直接 詢問 資訊 天午 公司 供應 契約 正式 單,1663,0.34334125745267147,1
560,直接 詢問 資訊 天午 公司 供應 契約 正式 單,1799,0.34334125745267147,1
561,世芯 電子 找 約 天午 升級 問題 討,22,0.3432137105946725,1
562,刪 修改 帳號 帳號 設定 錯誤,170,0.3381230668809251,1
563,刪 修改 帳號 帳號 設定 錯誤,936,0.3381230668809251,1
564,產品 報價 康健 壽,291,0.33430764871722646,1
565,產品 報價 康健 壽,1200,0.33430764871722646,1
566,產品 報價 康健 壽,1201,0.33430764871722646,1
567,無法 透忘記 密碼 方法 申密碼 正電話,446,0.3330707654644436,1
568,無法 透忘記 密碼 方法 申密碼,1291,0.3330707654644436,1
569,升級 轉寄詢問 事宜,1719,0.33196092147993855,1
570,遠東際 盤間 延長,1557,0.32883359312518035,1
571,遠東際 盤間 延長,1565,0.32883359312518035,1
572,想 瞭解 郵件 系統 價格業務 問題 群樺詢 問成 為 銷商,36,0.327876632663499,1
573,想 瞭解 郵件 系統 價格業務 問題 群樺詢 問成 為 銷商,769,0.327876632663499,1
574,梓 實業 無法 登入 梓 實業限 公司 郵件 稽核 防護 服務啟 通知,1744,0.32730635494946797,1
575,備份 雲 設定 備份 磁碟 資料夾 磁碟 勾選 資料 夾常 清備 份 雲 問題,1334,0.32518922568404246,1
576,備份 雲 設定 備份 磁碟 資料夾 磁碟 勾選 資料 夾常 清備 份 雲 問題,1335,0.32518922568404246,1
577,資訊 心詢 問術 問題 找 湯姐,23,0.3246782015424539,1
578,資訊 心詢 問術 問題 找 湯姐,24,0.3246782015424539,1
579,資訊 心詢 問術 問題 找 湯姐,25,0.3246782015424539,1
580,資訊 心詢 問術 問題 找 湯姐,762,0.3246782015424539,1
581,幸康 企業 問題 詢問,1212,0.3231875995160262,1
582,幸康 企業 問題 詢問,1213,0.3231875995160262,1
583,幸康 企業 問題 詢問,1454,0.3231875995160262,1
584,凱基證券 資料 原 問題,867,0.32271102472129637,1
585,業務 問題 週網路 申企業 信箱 代服務,84,0.3220712382747261,1
586,業務 問題 週網路 申企業 信箱 代服務,783,0.3220712382747261,1
587,吉利 富關加 容量 問題,473,0.320085381366217,1
588,吉立富 關加 容量 問題,879,0.320085381366217,1
589,捕夢網 服心 郵件 退件 問題,1754,0.31960652551941066,1
590,幫 忙 繫 個 資 盤 提供 檔 問題,145,0.3150090625649332,1
591,幫 忙 繫 個 資 盤 提供 檔 問題,816,0.3150090625649332,1
592,淡水 信匯入 電腦 資料 出現 錯 誤訊息,187,0.3148058046218414,1
593,淡水 信匯入 電腦 資料 出現 錯 誤訊息,997,0.3148058046218414,1
594,訂 單期 沒續 約 系統 沒動 關閉 帳號否 特殊 原,1286,0.3138995790917715,1
595,神通 資訊 公雲服務,1150,0.30716166107679893,1
596,業務問 題傑 尼斯 加購 帳號,608,0.295714688207937,1
597,業務問 題傑 尼斯 加購 帳號,609,0.295714688207937,1
598,業務問 題傑 尼斯 加購 帳號,610,0.295714688207937,1
599,業務問 題傑 尼斯 加購 帳號,1380,0.295714688207937,1
600,安泰 商銀協助 處理,942,0.2850551839226108,1
601,安泰 商銀協助 處理,943,0.2850551839226108,1
602,安泰 商銀協助 處理,944,0.2850551839226108,1
603,雲協助 正入 網站 桃園 正 確名,840,0.2845091520045284,1
604,學掃描 警示 訊息,651,0.2743079931992008,1
605,學掃描 警示 訊息,652,0.2743079931992008,1
606,操作 問題 系統理 帳號,984,0.26300516795508283,1
607,回收 桶 信件 無法 刪 回收 匣 信件 無法 刪,315,0.7202944114283816,2
608,登入 沒收 雙重 認證碼 無法 登入 信箱 信箱 無法 登入,313,0.7192128023779784,2
609,回收 桶 信件 無法 刪 回收 筒 信件 刪,335,0.6903662953323023,2
610,回收 桶 信件 無法 刪 回收 筒 信件 刪,1256,0.6903662953323023,2
611,回收 桶 信件 無法 刪 回收 筒 信件 刪,1265,0.6903662953323023,2
612,登入 需遠 端線 登入 信箱 無法 顯示 網頁,376,0.6800787121839951,2
613,登入 登入 信箱 無法 顯示 網頁 信箱 無法 開啟 網頁,420,0.6692880495944473,2
614,雲高雄苓 洲 回信 退無法 附加 檔案 無法 寄出 增聯絡 簿 信件,1615,0.6596993683931951,2
615,需遠 端線 群泰 生物 無法 正常 收發 信件,810,0.652416343885061,2
616,電絡 需遠 端線 群泰 生物 無法 正常 收發 信件,1734,0.652416343885061,2
617,雲王 無法 登入 信箱 王免費 信箱 無法 進入,1760,0.648661001468237,2
618,操作 問題 沒 寄信 直 退信 天 百封,632,0.6420985360624564,2
619,操作 問題 沒 寄信 直 退信 天 百封,633,0.6420985360624564,2
620,操作 問題 沒 寄信 直 退信 天 百封,634,0.6420985360624564,2
621,操作 問題 沒 寄信 直 退信 天 百封,638,0.6420985360624564,2
622,操作 問題 沒 寄信 直 退信 天 百封,962,0.6420985360624564,2
623,操作 問題 沒 寄信 直 退信 天 百封,963,0.6420985360624564,2
624,操作 問題 沒 寄信 直 退信 天 百封,964,0.6420985360624564,2
625,操作 問題 沒 寄信 直 退信 天 百封,965,0.6420985360624564,2
626,沒收 雙重 認證碼 手機 無法 接收 雙重 認認 證碼,435,0.6348224270163051,2
627,沒收 雙重 認證碼 手機 無法 接收 雙重 認認 證碼,1324,0.6348224270163051,2
628,為 無法 刪 回收 桶 信件,383,0.633867011723618,2
629,為 無法 刪 回收 桶 信件,1285,0.633867011723618,2
630,通訊錄 特定 目錄 無法 刪 刪 兩個 資料夾,333,0.6332986463024085,2
631,需遠 端線 無法 收發 信件 電腦,1815,0.6226614294805859,2
632,登 入手 機無法 正常 收雙重 認證碼 現直 收信 通知,1341,0.6189300832761463,2
633,登 入手 機無法 正常 收雙重 認證碼 現直 收信 通知,1342,0.6189300832761463,2
634,登 入手 機無法 正常 收雙重 認證碼 現直 收信 通知,1343,0.6189300832761463,2
635,登 入手 機無法 正常 收雙重 認證碼 現直 收信 通知,1344,0.6189300832761463,2
636,登 入手 機無法 正常 收雙重 認證碼 現直 收信 通知,1345,0.6189300832761463,2
637,無法 登入 信箱 無法 登入 收信,379,0.6183595646640615,2
638,登入 登入 信箱 無法 顯示 網頁,409,0.6180539298769587,2
639,登入 登入 信箱 無法 顯示 網頁,1311,0.6180539298769587,2
640,嘉義東 吳高 職互 寄 信件 介面 顯示 傳送 失敗,71,0.6155518490105197,2
641,手機 無法 登入 無法 備份 電腦,34,0.6148927196850847,2
642,雲級 無法 登入 信箱 信箱 無法 進入 求協助,834,0.6133206068616764,2
643,退信 幫忙 查詢 信件 傳送 情形 無法 傳送,452,0.6069138949227576,2
644,退信 幫忙 查詢 信件 傳送 情形 無法 傳送,1337,0.6069138949227576,2
645,操作 問題 無法 刪 通訊錄 群組 目錄,642,0.6065050766225429,2
646,操作 問題 無法 刪 通訊錄 群組 目錄,643,0.6065050766225429,2
647,操作 問題 無法 刪 通訊錄 群組 目錄,644,0.6065050766225429,2
648,操作 問題 無法 刪 通訊錄 群組 目錄,645,0.6065050766225429,2
649,操作 問題 無法 刪 通訊錄 群組 目錄,967,0.6065050766225429,2
650,操作 問題 無法 刪 通訊錄 群組 目錄,968,0.6065050766225429,2
651,操作 問題 無法 刪 通訊錄 群組 目錄,969,0.6065050766225429,2
652,操作 問題 無法 刪 通訊錄 群組 目錄,970,0.6065050766225429,2
653,外 信件 無法 收取 信件 問題 正,1293,0.6054155496344035,2
654,無法 寄出 增聯絡 簿 信件,1629,0.5979576469765961,2
655,無法 寄出 增聯絡 簿 信件,1630,0.5979576469765961,2
656,無法 寄出 增聯絡 簿 信件,1631,0.5979576469765961,2
657,無法 寄出 增聯絡 簿 信件,1632,0.5979576469765961,2
658,無法 寄出 增聯絡 簿 信件,1633,0.5979576469765961,2
659,無法 寄出 增聯絡 簿 信件,1634,0.5979576469765961,2
660,無法 寄出 增聯絡 簿 信件,1635,0.5979576469765961,2
661,無法 寄出 增聯絡 簿 信件,1636,0.5979576469765961,2
662,無法 寄出 增聯絡 簿 信件,1637,0.5979576469765961,2
663,無法 寄出 增聯絡 簿 信件,1638,0.5979576469765961,2
664,無法 寄出 增聯絡 簿 信件,1639,0.5979576469765961,2
665,無法 寄出 增聯絡 簿 信件,1640,0.5979576469765961,2
666,學遠 端線 資訊個 資掃 描結果 無法 回傳,660,0.597687112311156,2
667,雲安佃 操作 問題 外 信箱 寄信 務電子 信箱 嚴重 延遲收 信件,820,0.5964608131775307,2
668,雲安佃 操作 問題 外 信箱 寄信 務電子 信箱 嚴重 延遲收 信件,821,0.5964608131775307,2
669,操作 問題 外 信箱 寄信 務電子 信箱 嚴重 延遲收 信件,960,0.5964608131775307,2
670,無法 領取 空間 領取 無法,441,0.594632556102052,2
671,無法 領取 空間 領取 無法,1328,0.594632556102052,2
672,無法 領取 空間 領取 無法,1329,0.594632556102052,2
673,無法 領取 空間 領取 無法,1330,0.594632556102052,2
674,無法 領取 空間 領取 無法,1331,0.594632556102052,2
675,皇晶 收信 問題 寄信 無法 收信 通報 皇晶 收信 失敗 問題,1378,0.591158226630689,2
676,信邦 電子 收 外面 寄 信件,116,0.5887947393711374,2
677,無法 設定 步行 事 曆,330,0.5883136093104506,2
678,無法 設定 步行 事 曆,1252,0.5883136093104506,2
679,無法 設定 步行 事 曆,1253,0.5883136093104506,2
680,無法 設定 步行 事 曆,1261,0.5883136093104506,2
681,無法 設定 步行 事 曆,1262,0.5883136093104506,2
682,付費 無法 登入 無法 登入,307,0.5862649126535521,2
683,付費 無法 登入 無法 登入,1228,0.5862649126535521,2
684,付費 無法 登入 無法 登入,1229,0.5862649126535521,2
685,付費 無法 登入 無法 登入,1230,0.5862649126535521,2
686,付費 無法 登入 無法 登入,1231,0.5862649126535521,2
687,付費 無法 登入 無法 登入,1232,0.5862649126535521,2
688,雲雲林縣 文安 無法 登 入校 園雲端 信箱 問為 無法 進入 信箱,1780,0.5846760530905442,2
689,交流 園 收信 問題 收 特定 源 信件 無法收 工作 聯絡 信件,459,0.5822599332330437,2
690,需遠 端線 登入 加密 登入 無法 登入 信箱,338,0.5805344278481395,2
691,需遠 端線 登入 加密 登入 無法 登入 信箱 排,1258,0.5805344278481395,2
692,需遠 端線 登入 加密 登入 無法 登入 信箱 排,1267,0.5805344278481395,2
693,建議 希動 收取 外 信件 問動 收取 外 信箱,355,0.5805078079609435,2
694,學幫忙 檢測個 資掃 描結果 無法 回傳 問題,654,0.5797748965817306,2
695,學幫忙 檢測個 資掃 描結果 無法 回傳 問題,658,0.5797748965817306,2
696,學幫忙 檢測個 資掃 描結果 無法 回傳 問題,659,0.5797748965817306,2
697,學幫忙 檢測個 資掃 描結果 無法 回傳 問題,1416,0.5797748965817306,2
698,外 信件 無法 收取 信件 問題,1292,0.5791628722534369,2
699,學掃 瞄 完成 個理端 顯示 未 完成 關掃 瞄 結果 疑問,656,0.5786059341101569,2
700,學掃 瞄 完成 個理端 顯示 未 完成 關掃 瞄 結果 疑問,657,0.5786059341101569,2
701,寄信 問題 預約 寄信 無法 選擇 預約 寄信 無法 預約,342,0.577304942235113,2
702,寄信 問題 無法 寄信 無法 寄信,353,0.577304942235113,2
703,寄信 問題 無法 寄信 無法 寄信,1272,0.577304942235113,2
704,無法 登入 信箱 無法 登入,455,0.5760398876685456,2
705,登入 無法 登入 信箱 無法 貼 表格,1332,0.5760398876685456,2
706,原登入 無法 登入 信箱 無法 登入,1554,0.5760398876685456,2
707,原登入 無法 登入 信箱 無法 登入,1562,0.5760398876685456,2
708,原登入 無法 登入 信箱 無法 登入,1726,0.5760398876685456,2
709,幫忙 查詢 信件 無法 傳遞 原 問題 寄出 信件 方無法 收,413,0.5602011049194008,2
710,幫忙 查詢 信件 無法 傳遞 原 問題 寄出 信件 方無法 收,1312,0.5602011049194008,2
711,收信 問題 手機 進入 信箱 無法 開啟 檔,416,0.5591928309106537,2
712,無法 步行 事 曆,425,0.5538585205039614,2
713,無法 步行 事 曆,1317,0.5538585205039614,2
714,外 信件 無法 收取,349,0.5533546070068608,2
715,外 信件 無法 收取,1271,0.5533546070068608,2
716,環興前 收重 通知 天 收信 程式 無法 啟動,13,0.5531903594237387,2
717,環興前 收重 通知 天 收信 程式 無法 啟動,17,0.5531903594237387,2
718,環興前 收重 通知 天 收信 程式 無法 啟動,18,0.5531903594237387,2
719,忠正 無法 正常 收發 信件,80,0.552168217523704,2
720,忠正 無法 正常 收發 信件,885,0.552168217523704,2
721,登 入手 機無法 正常 收雙重 認證碼,454,0.5510498051149186,2
722,登 入手 機無法 正常 收雙重 認證碼,1346,0.5510498051149186,2
723,詢問個 資掃 描產品 問題 問個 資掃 描產品 問題,701,0.5507125858571447,2
724,詢問個 資掃 描產品 問題 問個 資掃 描產品 問題,702,0.5507125858571447,2
725,詢問個 資掃 描產品 問題 問個 資掃 描產品 問題,703,0.5507125858571447,2
726,詢問個 資掃 描產品 問題 問個 資掃 描產品 問題,704,0.5507125858571447,2
727,交流 園無法 寄出 信件 收件 增通訊錄,461,0.5498454974290162,2
728,寄信 問題 查詢 信件 傳送 情形 問補充,1240,0.5473155480316594,2
729,無法 正常 顯示 登入 稍,325,0.5463546595787371,2
730,無法 正常 顯示 登入 稍,1245,0.5463546595787371,2
731,交流 園 格式 檔案 無法 傳,1350,0.5455300696016102,2
732,交流 園 格式 檔案 無法 傳,1351,0.5455300696016102,2
733,交流 園 格式 檔案 無法 傳,1352,0.5455300696016102,2
734,學正 幫忙 檢測個 資掃 描結果 無法 回傳 問題,653,0.5420442556000017,2
735,簡訊 無法 傳送 簡訊,362,0.541524020216446,2
736,簡訊 無法 傳送 簡訊,395,0.541524020216446,2
737,享雲無法 電腦 手機 登入 無法 進入 雲端 硬碟,405,0.5414657542447011,2
738,享雲無法 電腦 手機 登入 無法 進入 雲端 硬碟,1303,0.5414657542447011,2
739,王免費 信箱 無法 進入,1545,0.5397972381147327,2
740,王免費 信箱 無法 進入,1546,0.5397972381147327,2
741,王免費 信箱 無法 進入,1547,0.5397972381147327,2
742,王免費 信箱 無法 進入,1551,0.5397972381147327,2
743,王免費 信箱 無法 進入,1552,0.5397972381147327,2
744,王免費 信箱 無法 進入,1553,0.5397972381147327,2
745,王免費 信箱 無法 進入,1725,0.5397972381147327,2
746,手機 無法 設定 收信,280,0.5393930675205947,2
747,議希先絡 信邦 電子 無法 寄信,130,0.5388138591736397,2
748,議希先絡 信邦 電子 無法 寄信,915,0.5388138591736397,2
749,度電議 希先絡 信邦 電子 無法 寄信,916,0.5388138591736397,2
750,無法 傳檔案 無法 傳 信箱,444,0.5387907235297479,2
751,刷卡 成功 無法 登入 信箱 信箱 登入,422,0.5381116213666117,2
752,刷卡 成功 無法 登入 信箱 信箱 登入,1316,0.5381116213666117,2
753,退信 檢查 退信 綠色 運算 信件 無法 寄達 通知,343,0.537912601642799,2
754,雲華興 學生 無法 正確 進入 信箱 收發 信求 協助,183,0.5361827686893433,2
755,雲華興 學生 無法 正確 進入 信箱 收發 信求 協助,856,0.5361827686893433,2
756,立積 電子 收信 無法 附檔,14,0.534844208600184,2
757,立積 電子 收信 無法 附檔,19,0.534844208600184,2
758,立積 電子 收信 無法 附檔,898,0.534844208600184,2
759,無法 登入 信箱 作業 系統 無法 收信,1255,0.5336291088915074,2
760,無法 登入 信箱 作業 系統 無法 收信,1264,0.5336291088915074,2
761,太古 匯入 端 電腦 清單 失敗,1593,0.5335493765658785,2
762,太古 匯入 端 電腦 清單 失敗,1752,0.5335493765658785,2
763,太古 匯入 端 電腦 清單 失敗,1753,0.5335493765658785,2
764,洋宏 收信 問題 收 特定 源 信件,1377,0.5330680794814452,2
765,帳號 登入 問題 縣 帳號 登入 沒 問題 無法 收信,260,0.5302204647050565,2
766,帳號 登入 問題 縣 帳號 登入 沒 問題 無法 收信,637,0.5302204647050565,2
767,帳號 登入 問題 縣 帳號 登入 沒 問題 無法 收信,641,0.5302204647050565,2
768,帳號 登入 問題 縣 帳號 登入 沒 問題 無法 收信,1162,0.5302204647050565,2
769,帳號 登入 問題 縣 帳號 登入 沒 問題 無法 收信,1163,0.5302204647050565,2
770,帳號 登入 問題 縣 帳號 登入 沒 問題 無法 收信,1164,0.5302204647050565,2
771,操作 問題 電腦 手機 收信 異常,990,0.5297468466636979,2
772,操作 問題 電腦 手機 收信 異常,991,0.5297468466636979,2
773,操作 問題 電腦 手機 收信 異常,992,0.5297468466636979,2
774,寄信 問題 無法 回信 轉寄錯 誤訊息,378,0.5278606057718869,2
775,灣松 電器 介紹 相關容,148,0.5263057464592841,2
776,灣松 電器 介紹 相關容,149,0.5263057464592841,2
777,灣松 電器 介紹 相關容,675,0.5263057464592841,2
778,灣松 電器 介紹 相關容,676,0.5263057464592841,2
779,灣松 電器 介紹 相關容,823,0.5263057464592841,2
780,灣松 電器 介紹 相關容,824,0.5263057464592841,2
781,登入 無法 登入 信箱,332,0.5239741619396502,2
782,登入 無法 登入 信箱,1254,0.5239741619396502,2
783,登入 無法 登入 信箱,1263,0.5239741619396502,2
784,退信 無法 寄信 寄信 拒,1308,0.5207039984417206,2
785,備份 雲 檔案 備份 問題 付費 證明,309,0.5199258363515457,2
786,操作 問題 信件 無法 刪,639,0.5191175824058251,2
787,操作 問題 信件 無法 刪,640,0.5191175824058251,2
788,操作 問題 信件 無法 刪,953,0.5191175824058251,2
789,操作 問題 信件 無法 刪,954,0.5191175824058251,2
790,收信 問題 無法 寄信 信箱,1338,0.5181821871837139,2
791,收信 問題 無法 寄信 信箱,1339,0.5181821871837139,2
792,收信 問題 無法 寄信 信箱,1340,0.5181821871837139,2
793,收信 問題 無法 寄信 信箱,1347,0.5181821871837139,2
794,收信 問題 無法 寄信 信箱,1348,0.5181821871837139,2
795,寄信 問題 荷蘭無法 寄信 郵件 無法 傳送,397,0.5175060929662356,2
796,寄信 問題 無法 寄信 信箱,1298,0.5171634755093774,2
797,寄信 問題 無法 寄信 信箱,1299,0.5171634755093774,2
798,操作 問題 無法 登入 收取 郵件,978,0.5159567833776529,2
799,調記 錄查 詢動轉 寄 設定 信箱 無法 收信,324,0.5100081446969339,2
800,操作 問題 無法 申雲端 信箱 事,980,0.5078055962573991,2
801,操作 問題 無法 寄 信箱,177,0.5076549206644136,2
802,操作 問題 無法 寄 信箱,972,0.5076549206644136,2
803,東 復 興理 無法 學生 老師 帳號,1555,0.5069966662867227,2
804,東 復 興理 無法 學生 老師 帳號,1556,0.5069966662867227,2
805,東 復 興理 無法 學生 老師 帳號,1563,0.5069966662867227,2
806,東 復 興理 無法 學生 老師 帳號,1564,0.5069966662867227,2
807,東 復 興理 無法 學生 老師 帳號,1729,0.5069966662867227,2
808,操作 問題 無法 寄信 仁 信箱 寄發薪 資條,973,0.5065216822305733,2
809,退信 無法 寄信 協助 檢測 退信,453,0.5046540315514656,2
810,雲旗津 無法 登入 信箱 登入 問題,838,0.5019125042527361,2
811,雲旗津 無法 登入 信箱 登入 問題,1770,0.5019125042527361,2
812,禮券 無法 申帳 號禮卷 申購 信箱 帳號 創建 失敗,384,0.5002417717640284,2
813,禮券 無法 申帳 號禮卷 申購 信箱 帳號 創建 失敗,1287,0.5002417717640284,2
814,簡訊 傳送 簡訊 畫面 跳 掉 無法 傳送,314,0.5001747216648302,2
815,關掃 瞄 結果 疑問,1621,0.4999750560589929,2
816,關掃 瞄 結果 疑問,1786,0.4999750560589929,2
817,忠正 寄信 外 寄出,1580,0.4990168815467045,2
818,忠正 寄信 外 寄出,1737,0.4990168815467045,2
819,功傳端 清單 為 覆蓋合 併 清單,728,0.4981324148884617,2
820,雲花 蓮富里 無法 修改 通訊錄 資料 花蓮富 里 學生 信箱 通訊錄 問題,850,0.49737940515357615,2
821,玩家 無法 顯示 信件 標題,11,0.4968523886116594,2
822,電腦版 無法 進入 收信,424,0.49684849432293654,2
823,常電子 材料 信件 無法 寄出,147,0.49679212010528095,2
824,近手 機收 雙重 認證碼 無法 收手 機認 證碼,364,0.49678883407923885,2
825,退信 無法 寄信,317,0.4967869557663508,2
826,退信 無法 寄信,351,0.4967869557663508,2
827,廣寰 信件 卡主機 無法 外寄,12,0.4967582146164836,2
828,基督 長 老 總 信件 無法 外寄,78,0.4967582146164836,2
829,基督 長 老 總 信件 無法 外寄,870,0.4967582146164836,2
830,廣寰 信件 卡主機 無法 外寄,891,0.4967582146164836,2
831,杏輝 藥品 無法 收發 信件,82,0.49663480242120567,2
832,宏遠 電訊 無法 收發 信件,865,0.49663480242120567,2
833,杏輝 藥品 無法 收發 信件,868,0.49663480242120567,2
834,簡訊 預約 傳送量 簡訊 無法 取消,1288,0.49551926803958635,2
835,簡訊 預約 傳送量 簡訊 無法 取消,1289,0.49551926803958635,2
836,簡訊 預約 傳送量 簡訊 無法 取消,1290,0.49551926803958635,2
837,交流 園問 露天 拍賣 信件 收,458,0.49318802442716575,2
838,操作 問題 信箱 直 收寄 件 失敗 回信,955,0.49100009781084486,2
839,登入 無法 改密碼 無法 改密碼,327,0.4856953816827169,2
840,研 昨天 午 寄信,873,0.4849696159128624,2
841,公司 網 路遇 無法 登入 信箱 登入 幫忙確 認否 帳號 轉移 主機 近常 穩定 無法 進入 傳送 測試 結果,143,0.4818855124675641,2
842,無法 傳送 簡訊,408,0.4806494512822938,2
843,雲 投縣 社寮 操作 問題 信件 無法 刪,822,0.4804728253272025,2
844,雲 投縣 社寮 操作 問題 信件 無法 刪,1758,0.4804728253272025,2
845,登 入手 機 瀏覽器 無法 登入 信箱,404,0.4804455406457693,2
846,登 入手 機 瀏覽器 無法 登入 信箱,1302,0.4804455406457693,2
847,學檢測 個 資掃 描結果 無法 回傳 問題,655,0.47961701779935684,2
848,收信 問題 無法 寄信 問 信件 寄進,1269,0.479306077337339,2
849,信邦 電子 啟動,1739,0.47920715012807297,2
850,無法 登入 信箱 訂購 貴 公司 郵箱 無法 登入 直閃 退問 甚原,428,0.47852566698487264,2
851,公司 量 販事業 無法 匯入 端 電腦 清單,285,0.477941368658347,2
852,無法 進入 信箱,1659,0.47707867293215833,2
853,信箱 無法 進入 求協助,1721,0.47707867293215833,2
854,雲王 免費 信箱 無法 進入,1756,0.47707867293215833,2
855,求救 設定 無法 寄信,356,0.4752392614403906,2
856,問個 資掃 描產品 問題,1700,0.4748253377906996,2
857,問個 資掃 描產品 問題,1812,0.4748253377906996,2
858,手機 無法 登入 信箱 網站 安全 證符,406,0.4740511327764572,2
859,收信 問題 無法 顯示 特殊 符號,427,0.47382468713443743,2
860,收信 問題 無法 顯示 特殊 符號,1319,0.47382468713443743,2
861,收信 問題 無法 顯示 特殊 符號,1320,0.47382468713443743,2
862,登入 登入 信箱 畫面 空白 天無法 正常 登入 信箱,360,0.47287727264765145,2
863,登入 登入 信箱 畫面 空白 天無法 正常 登入 信箱,1275,0.47287727264765145,2
864,灣芝浦 無法 寄信 問題 寄,38,0.47222368717992497,2
865,寄信 問題 查詢 信件 傳送 情形 問,1249,0.4705441493715087,2
866,手機 登入 信箱 載檔 無法開 啟問,393,0.46937450677067516,2
867,升級 無法 透登入 信箱,344,0.4687684737598728,2
868,升級 無法 透登入 信箱,1268,0.4687684737598728,2
869,服 回覆 太古 匯入 端 電腦 清單 失敗,724,0.46819695543935513,2
870,信箱 無法 登入,296,0.46650758701058437,2
871,樺晟電子 無法 登入 信箱,910,0.46650758701058437,2
872,信箱 無法 登入,1206,0.46650758701058437,2
873,塞席 商捷 西迪學理 介面 收信 失敗,123,0.4607271681448798,2
874,塞席 商捷 西迪學理 介面 收信 失敗,807,0.4607271681448798,2
875,無法 登 入校 園雲端 電子 郵件,1652,0.4579800048919065,2
876,無法 登 入校 園雲端 電子 郵件,1653,0.4579800048919065,2
877,無法 登 入校 園雲端 電子 郵件,1654,0.4579800048919065,2
878,無法 登 入校 園雲端 電子 郵件,1792,0.4579800048919065,2
879,操作 問題 無法 收信,975,0.45788088840007773,2
880,操作 問題 無法 進入,178,0.45676833349579105,2
881,雲嘉義北興 操作 問題 無法 寄信,180,0.4561393299679882,2
882,操作 問題 無法 寄信,630,0.4561393299679882,2
883,操作 問題 無法 寄信,631,0.4561393299679882,2
884,操作 問題 無法 寄信,966,0.4561393299679882,2
885,雲嘉義縣 頂 操作 問題 無法 收外 信件,818,0.45589599321621,2
886,雲嘉義縣 頂 操作 問題 無法 收外 信件,819,0.45589599321621,2
887,操作 問題 無法 收外 信件,976,0.45589599321621,2
888,功建議 私雲應 安裝程 設定 退信 信箱,723,0.4552412690971793,2
889,回覆 學關 掃 瞄 結果 疑問,1733,0.4530599065682527,2
890,無法 進入 信箱 問題 回答,289,0.4527292630069319,2
891,無法 進入 信箱 問題 回答,1198,0.4527292630069319,2
892,無法 進入 信箱 問題 回答,1199,0.4527292630069319,2
893,操作 問題 無法 登入,175,0.4470975301150667,2
894,操作 問題 無法 登入,945,0.4470975301150667,2
895,操作 問題 無法 登入,977,0.4470975301150667,2
896,問題 無法 進入 電子 郵件,259,0.437347323626913,2
897,關版 行動 簡訊 電話 號碼 無法 帶入 問題,322,0.43534861720806406,2
898,關版 行動 簡訊 電話 號碼 無法 帶入 問題,1244,0.43534861720806406,2
899,操作 問題 無法 啟動 帳號 漫遊,971,0.43244480325408957,2
900,網頁 登入 延遲 無法 開啟,1336,0.4319605083872904,2
901,無法 送信 匣 搜尋 信件,329,0.4318623899969804,2
902,期貨 公無法 外寄 信件,68,0.42679821513905836,2
903,通訊錄 問想 通訊錄 通訊 錄步,385,0.4262997973228818,2
904,雲花蓮平 校長 無法 登入 信箱 否協助 删 帳號,1773,0.4253482709920196,2
905,雲花蓮平 校長 無法 登入 信箱 否協助 删 帳號,1774,0.4253482709920196,2
906,無法 回信,1628,0.42507615439144736,2
907,北湖 高工 無法 收信,10,0.42498295471278213,2
908,調紀錄 無法 收信,310,0.42498295471278213,2
909,壢 家商 全校 無法 收發,470,0.42479814991186926,2
910,付費 證明,308,0.4244006640727524,2
911,付費 證明,1225,0.4244006640727524,2
912,付費 證明,1226,0.4244006640727524,2
913,查量 付費 證明,1233,0.4244006640727524,2
914,付費 證明,1234,0.4244006640727524,2
915,付費 證明,1235,0.4244006640727524,2
916,付費 證明,1236,0.4244006640727524,2
917,付費 證明,1237,0.4244006640727524,2
918,付費 證明,1238,0.4244006640727524,2
919,付費 證明,1239,0.4244006640727524,2
920,雲竹縣 網心 登入 信箱 竹縣 信箱 登入 錯誤,1745,0.42423794045395574,2
921,金橋 無法 寄信,15,0.4237625936249015,2
922,金橋 無法 寄信,20,0.4237625936249015,2
923,無法 寄信,439,0.4237625936249015,2
924,翊 銘事 無法 寄信,606,0.4237625936249015,2
925,無法 寄信,1326,0.4237625936249015,2
926,嘉義縣 祥 信件 卡主機 無法 收發信,474,0.4235543165758288,2
927,無法 搬移 信件,1309,0.4235543165758288,2
928,無法 搬移 信件,1310,0.4235543165758288,2
929,北醫事 檢驗 師公調 記錄 查詢 信件 傳送 情形,63,0.4234012324511576,2
930,造隆 昨天 寄信,83,0.4233003492269597,2
931,造隆 昨天 寄信,893,0.4233003492269597,2
932,調記錄 幫忙查 詢動 轉寄記 錄無法 動轉 寄,370,0.4223711521589757,2
933,交流 園無法 傳 附件,462,0.4200141361804851,2
934,操作 問題 學生 無法 正常 收認 證信 密碼 重設 信,957,0.4159633149301086,2
935,雲業 學生 無法 登入 雲端 電郵 帳號 問題,1759,0.41594846464317314,2
936,雲 信箱 無法 登入,1755,0.4150258749296713,2
937,康資訊 回覆 信件 退回,1455,0.4115262960928603,2
938,康資訊 回覆 信件 退回,1456,0.4115262960928603,2
939,無法 登入 免費,357,0.4090768520294871,2
940,無法 登入,1202,0.4090768520294871,2
941,無法 登入,1641,0.4090768520294871,2
942,無法 登入,1642,0.4090768520294871,2
943,無法 登入,1643,0.4090768520294871,2
944,無法 登入,1644,0.4090768520294871,2
945,無法 登入,1645,0.4090768520294871,2
946,無法 登入,1646,0.4090768520294871,2
947,無法 登入,1647,0.4090768520294871,2
948,無法 登入,1648,0.4090768520294871,2
949,無法 登入,1649,0.4090768520294871,2
950,無法 登入,1650,0.4090768520294871,2
951,無法 登入,1651,0.4090768520294871,2
952,無法 登入,1716,0.4090768520294871,2
953,雲雲林縣 油車 無法 登入,1781,0.4090768520294871,2
954,無法 登入,1790,0.4090768520294871,2
955,無法 登入,1791,0.4090768520294871,2
956,無法 寄信 回覆,318,0.4076360596820488,2
957,無法 寄信 回覆,1243,0.4076360596820488,2
958,卓肯 雲端 早 寄信,74,0.4058717376406803,2
959,找常桃 園立 圖書館 卓肯 雲端 寄信,144,0.4058717376406803,2
960,常桃園立 圖書館 卓肯 雲端 寄信,146,0.4058717376406803,2
961,常桃園立 圖書館 卓肯 雲端 寄信,912,0.4058717376406803,2
962,找常桃 園立 圖書館 卓肯 雲端 寄信,913,0.4058717376406803,2
963,信邦 電子 天午 寄信 沒 收回 覆,115,0.40525190288376006,2
964,收信 問題 無法步 信件,432,0.39936943955846815,2
965,竹縣 無法 收信 問題,184,0.39814931520700714,2
966,雲竹縣 無法 收信 問題,858,0.39814931520700714,2
967,竹縣 無法 收信 問題,995,0.39814931520700714,2
968,信箱 無法載 附檔,326,0.39777890865496246,2
969,續約個 信箱 沒收 兌換代碼,367,0.3976665512422207,2
970,續約個 信箱 沒收 兌換代碼,1276,0.3976665512422207,2
971,問題 回報 無法 查閱 信件,387,0.39564007011802893,2
972,無法 互通 信件 問題,407,0.39564007011802893,2
973,無法 搬移 信件 問題,419,0.39564007011802893,2
974,問題 回報 無法 查閱 信件,1294,0.39564007011802893,2
975,問題 回報 無法 查閱 信件,1295,0.39564007011802893,2
976,無法 互通 信件 問題,1304,0.39564007011802893,2
977,復 原 信箱 帳號 信箱 無法 登入,361,0.39071466974585256,2
978,雃 博 天 午 寄信,120,0.39065211029292723,2
979,行動 裝置 手機 回覆 轉寄 信件 畫面 掉,1242,0.38669894456686743,2
980,登入 次 無法 登入 信箱 首頁 畫面 登入 進,1307,0.384076196082771,2
981,版 程式 備份 成功 備份 期天,1218,0.38388887274886724,2
982,智譽 通訊錄 群組 問題,467,0.38175299056031475,2
983,無法 正常 開啟,399,0.3801034450795297,2
984,灣戲 曲學院 想 升級 為 正式版 外想 瞭解 進步功,674,0.377939108324726,2
985,灣戲 曲學院 想 升級 為 正式版 外想 瞭解 進步功,1429,0.377939108324726,2
986,春節 緊 救援 心無法 登入 信箱,186,0.37690133910530416,2
987,主計 總處 選無法 登入 信箱,471,0.37690133910530416,2
988,春節 緊 救援 心無法 登入 信箱,996,0.37690133910530416,2
989,帳號 無法 登入,1187,0.37648706170432883,2
990,迅宏 公司 信件 退回,118,0.37637033968176375,2
991,迅宏 公司 信件 退回,866,0.37637033968176375,2
992,萬石全 公司 事無法 收發 信件,122,0.37604842152541285,2
993,百利 通亞陶 網頁 無法 開啟,627,0.3756676935902292,2
994,無法 安全 模式 開啟 網頁,1325,0.3756676935902292,2
995,操作 問題 無法 登出,979,0.3752552920021691,2
996,雲化 無法 登入 無法 校園 雲端 電子 郵件,1761,0.3749684358343682,2
997,雲華興 無法 寄信 學生求 協助,857,0.37440242250813893,2
998,無法 寄信 出現,373,0.3740952392191831,2
999,無法 寄信 出現,1246,0.3740952392191831,2
1000,無法 寄信 出現,1247,0.3740952392191831,2
1001,無法 寄信 出現,1248,0.3740952392191831,2
1002,無法 寄信 出現,1250,0.3740952392191831,2
1003,無法 寄信 出現,1259,0.3740952392191831,2
1004,無法 寄信 出現,1282,0.3740952392191831,2
1005,雲無法 登 入校 園雲端 電子 郵件,832,0.3740054250837699,2
1006,雲無法 登 入校 園雲端 電子 郵件,833,0.3740054250837699,2
1007,建議 編輯類 信件 容問關 信件 編輯,436,0.37374021162142873,2
1008,操作 問題 寄信 無法書 寫容,635,0.3736340468420021,2
1009,操作 問題 寄信 無法書 寫容,636,0.3736340468420021,2
1010,操作 問題 寄信,946,0.3736340468420021,2
1011,操作 問題 寄信 無法書 寫容,958,0.3736340468420021,2
1012,操作 問題 寄信 無法書 寫容,959,0.3736340468420021,2
1013,操作 問題 信件 無法收,295,0.37320757605396565,2
1014,運錩 鋼鐵 寄信 退回,804,0.3722062491280085,2
1015,調記錄 無法 收信 期間 信記錄 帳號 關閉 前天 通知,411,0.3712398851896558,2
1016,突然 無法 雙重 認證,1284,0.3703446539879106,2
1017,簡訊 簡訊壞 掉 無法 發送 出,433,0.37026708418362536,2
1018,簡訊 簡訊壞 掉 無法 發送 出,434,0.37026708418362536,2
1019,備份 雲 修改 密碼 無法 登入,66,0.3694760338257497,2
1020,提供 主機 無法 寄信,817,0.369456617635473,2
1021,敏感 檔案 匯入 格式 昱 勝資訊,1533,0.36491067294315616,2
1022,敏感 檔案 匯入 格式 昱 勝資訊,1538,0.36491067294315616,2
1023,投信 協助 測試 升級 為 正式版,165,0.35929158932894134,2
1024,投信 協助 測試 升級 為 正式版,926,0.35929158932894134,2
1025,投信 協助 測試 升級 為 正式版,927,0.35929158932894134,2
1026,叡 揚資訊 禮券 兌換 次數 沒 增加,673,0.35675111968116063,2
1027,叡 揚資訊 禮券 兌換 次數 沒 增加,1426,0.35675111968116063,2
1028,叡 揚資訊 禮券 兌換 次數 沒 增加,1427,0.35675111968116063,2
1029,叡 揚資訊 禮券 兌換 次數 沒 增加,1428,0.35675111968116063,2
1030,手機 無法 正常 廣告 信 報表,382,0.3565613466514469,2
1031,無法 登入 透 留言 詢問,1273,0.3553020938401331,2
1032,壬寅 際 無法 登入,604,0.3552933300416547,2
1033,電腦 掃 瞄斷 接續 掃 瞄 失敗,721,0.35292798991909746,2
1034,電腦 掃 瞄斷 接續 掃 瞄 失敗,1489,0.35292798991909746,2
1035,捕夢網 改期 動調級 無法 登入 信箱 出現,1581,0.3525558226282694,2
1036,問題 回報 回信 收件 轉換 錯誤,456,0.3498949858238352,2
1037,間福報 信箱 登入 問題,921,0.34979969073460204,2
1038,系統 無法 登入 求協助,1667,0.3466513301640129,2
1039,系統 無法 登入 求協助,1800,0.3466513301640129,2
1040,操作 問題 無法薪 資系統 信箱 寄發 薪水 條學 校師,974,0.34035825732862474,2
1041,操作 問題 權限足 無法 開啟,176,0.33987445264910904,2
1042,操作 問題 權限足 無法 開啟,961,0.33987445264910904,2
1043,雲花蓮縣 太昌 操作 問題 權限足 無法 開啟,1775,0.33987445264910904,2
1044,立宮 博物院 查詢 行院 退信 問題 提供 退信 訊息,77,0.3398697266474824,2
1045,調記錄 無法載 附檔 想 確認 昨晚 間系 統否 異常,447,0.3312234461107251,2
1046,登入 無法 忘 記密碼 方法,319,0.3307638495329288,2
1047,登入 無法 忘 記密碼 方法 申密碼,350,0.3307638495329288,2
1048,無法讀 取系統 誤判 信件 問處理,1655,0.33026437734729147,2
1049,無法讀 取系統 誤判 信件 問處理,1656,0.33026437734729147,2
1050,無法讀 取系統 誤判 信件 問處理,1657,0.33026437734729147,2
1051,電器 收件 空白 頁,1157,0.3299249150416459,2
1052,無法 傳雲端 硬碟,417,0.32677352848342184,2
1053,校園 雲端 電郵 轉知 告知 無法 收信 問題,1625,0.3250135350363024,2
1054,校園 雲端 電郵 轉知 告知 無法 收信 問題,1788,0.3250135350363024,2
1055,信箱 設定 問題,1720,0.3195549445641534,2
1056,林眼鏡 昨天 發信 沒 收回 覆,876,0.3183788179415872,2
1057,林眼鏡 昨天 發信 沒 收回 覆,877,0.3183788179415872,2
1058,關 寄信 問題,1704,0.30114907846200634,2
1059,聯穎疑 信件 問題,117,0.3005798208030107,2
1060,聯 垃圾 信件 問題,487,0.3005798208030107,2
1061,聯 垃圾 信件 問題,887,0.3005798208030107,2
1062,匯入 電腦 資料 出現 錯 誤訊息,1413,0.2962912234995741,2
1063,原找 修改 通訊錄 問題,472,0.29544308360868177,2
1064,無法 進入 個 網域 訂購 畫面,426,0.28961636988592965,2
1065,無法 進入 個 網域 訂購 畫面,1318,0.28961636988592965,2
1066,無法 忘 記密 碼功,1305,0.2876288983738088,2
1067,無法 忘 記密 碼功,1306,0.2876288983738088,2
1068,里療 養院 無法 掃 瞄 伺服器 線 錯誤,672,0.2797648229984415,2
1069,百略 醫學 寄信 關身 帳號 問題,484,0.2743620954065451,2
1070,關無法 申電子 郵件 信箱 問題務 必協助 解決,1623,0.25922112220761906,2
1071,無法 申帳 號關 帳號 申,431,0.2558661563281771,2
1072,無法 申帳 號關 帳號 申,1323,0.2558661563281771,2
1073,備份 雲 問題,1543,0.2526915345455593,2
1074,備份 雲 問題,1549,0.2526915345455593,2
1075,備份 雲 問題,1722,0.2526915345455593,2
1076,郵件 系統 建議 校園 雲端 電子 郵件 出現 系統 錯誤,1152,0.7062920966168702,3
1077,郵件 系統 建議 校園 雲端 電子 郵件 出現 系統 錯誤,1153,0.7062920966168702,3
1078,郵件 系統 建議 校園 雲端 電子 郵件 出現 系統 錯誤,1154,0.7062920966168702,3
1079,雃 博 詢 問 術 問 題,7,0.6566528243251009,3
1080,雃 博 詢 問 術 問 題,602,0.6566528243251009,3
1081,雃 博 詢 問 術 問 題,920,0.6566528243251009,3
1082,調記 錄問 留存 開始 服務貴 公司 相關種 紀錄,371,0.6469632752307986,3
1083,調記 錄問 留存 開始 服務貴 公司 相關種 紀錄,1279,0.6469632752307986,3
1084,調記 錄問 留存 開始 服務貴 公司 相關種 紀錄,1280,0.6469632752307986,3
1085,調記 錄問 留存 開始 服務貴 公司 相關種 紀錄,1281,0.6469632752307986,3
1086,投信 公雲測 試個 問題 確認 投信 測試 相關 問題,667,0.6463551463889938,3
1087,投信 公雲測 試個 問題 確認 投信 測試 相關 問題,1418,0.6463551463889938,3
1088,投信 公雲測 試個 問題 確認 投信 測試 相關 問題,1419,0.6463551463889938,3
1089,投信 公雲測 試個 問題 確認 投信 測試 相關 問題,1420,0.6463551463889938,3
1090,投信 公雲測 試個 問題 確認 投信 測試 相關 問題,1421,0.6463551463889938,3
1091,投信 公雲測 試個 問題 確認 投信 測試 相關 問題,1422,0.6463551463889938,3
1092,投信 公雲測 試個 問題 確認 投信 測試 相關 問題,1423,0.6463551463889938,3
1093,投信 公雲測 試個 問題 確認 投信 測試 相關 問題,1424,0.6463551463889938,3
1094,問 留存 開始 服務貴 公司 相關種 紀錄,1584,0.6448888840443397,3
1095,問 留存 開始 服務貴 公司 相關種 紀錄,1585,0.6448888840443397,3
1096,工業 開啟 報表出 現錯 誤個 資盤 報表,274,0.6356631662102988,3
1097,工業 開啟 報表出 現錯 誤個 資盤 報表,275,0.6356631662102988,3
1098,工業 開啟 報表出 現錯 誤訊息個 資盤 報表,695,0.6356631662102988,3
1099,工業 開啟 報表出 現錯 誤訊息個 資盤 報表,696,0.6356631662102988,3
1100,工業 開啟 報表出 現錯 誤訊息個 資盤 報表,1451,0.6356631662102988,3
1101,工業 開啟 報表出 現錯 誤訊息個 資盤 報表,1452,0.6356631662102988,3
1102,工業 開啟 報表出 現錯 誤個 資盤 報表,1453,0.6356631662102988,3
1103,掃描 記錄 保留 問題 百通 股份 限 公司 個 資盤 服務明,700,0.6356091990872084,3
1104,掃描 記錄 保留 問題 百通 股份 限 公司 個 資盤 服務明,1460,0.6356091990872084,3
1105,掃描 記錄 保留 問題 百通 股份 限 公司 個 資盤 服務明,1461,0.6356091990872084,3
1106,掃描 記錄 保留 問題 百通 股份 限 公司 個 資盤 服務明,1462,0.6356091990872084,3
1107,掃描 記錄 保留 問題 百通 股份 限 公司 個 資盤 服務明,1463,0.6356091990872084,3
1108,翰祥 想銷 商詢 問優惠 價格 方案,150,0.6283934105996838,3
1109,翰祥 想銷 商詢 問優惠 價格 方案,151,0.6283934105996838,3
1110,翰祥 想銷 商詢 問優惠 價格 方案,152,0.6283934105996838,3
1111,翰祥 想銷 商詢 問優惠 價格 方案,153,0.6283934105996838,3
1112,翰祥 想銷 商詢 問優惠 價格 方案,709,0.6283934105996838,3
1113,翰祥 想銷 商詢 問優惠 價格 方案,710,0.6283934105996838,3
1114,信超媒 沒盤 完顯示 逾個 資盤 問題 詢問 附資料 匣,1175,0.6212349496100258,3
1115,信超媒 沒盤 完顯示 逾個 資盤 問題 詢問 附資料 匣,1176,0.6212349496100258,3
1116,信超媒 沒盤 完顯示 逾個 資盤 問題 詢問 附資料 匣,1177,0.6212349496100258,3
1117,信超媒 沒盤 完顯示 逾個 資盤 問題 詢問 附資料 匣,1178,0.6212349496100258,3
1118,工業 工業 重產生 報表然 無法 開啟 開啟 報表 出現 錯誤,694,0.6210033936054945,3
1119,關個 資盤 服務報 價宏泰壽 補充,1179,0.599941226959986,3
1120,關個 資盤 服務報 價宏泰壽 補充,1180,0.599941226959986,3
1121,關個 資盤 服務報 價宏泰壽 補充,1181,0.599941226959986,3
1122,關個 資盤 服務報 價宏泰壽 補充,1182,0.599941226959986,3
1123,關個 資盤 服務報 價宏泰壽 補充,1183,0.599941226959986,3
1124,宏泰壽試 掃描 速度 常慢 關個 資盤 服務報 價宏泰壽,689,0.5995706785328366,3
1125,宏泰壽試 掃描 速度 常慢 關個 資盤 服務報 價宏泰壽,1439,0.5995706785328366,3
1126,調記錄 行動 簡訊 記錄 問題問 留存 開始 服務貴 公司 相關種 紀錄,372,0.5927697472423485,3
1127,問貴 公司 個 資盤 服務驗券端 執行 完端 盤個 資否 傳送 網擎,1698,0.5879890976889041,3
1128,問貴 公司 個 資盤 服務驗券端 執行 完端 盤個 資否 傳送 網擎,1699,0.5879890976889041,3
1129,問貴 公司 個 資盤 服務驗券端 執行 完端 盤個 資否 傳送 網擎,1811,0.5879890976889041,3
1130,雃 博 術 問 題,121,0.587661460121632,3
1131,雃 博 術 問 題,875,0.587661460121632,3
1132,聯絡 遠端 設定 私雲測試 明仁 寶電腦,1727,0.5863815874341027,3
1133,聯絡 遠端 設定 私雲測試 明仁 寶電腦,1728,0.5863815874341027,3
1134,工業 重產生 報表然 無法 開啟 開啟 報表 出現 錯誤,1448,0.5836930222460677,3
1135,工業 重產生 報表然 無法 開啟 開啟 報表 出現 錯誤,1449,0.5836930222460677,3
1136,工業 重產生 報表然 無法 開啟 開啟 報表 出現 錯誤,1450,0.5836930222460677,3
1137,泰世華 銀行詢 問否 掃 瞄資料 庫,685,0.5815109836383157,3
1138,泰世華 銀行詢 問否 掃 瞄資料 庫,686,0.5815109836383157,3
1139,泰世華 銀行詢 問否 掃 瞄資料 庫,1435,0.5815109836383157,3
1140,泰世華 銀行詢 問否 掃 瞄資料 庫,1436,0.5815109836383157,3
1141,信超媒 沒盤 完顯示 逾個 資盤 問題 詢問,682,0.5813702799669866,3
1142,信超媒 沒盤 完顯示 逾個 資盤 問題 詢問,1432,0.5813702799669866,3
1143,業務 問題 信超 媒雲端 服務股 購買個 資盤 次數 問題,1492,0.5715241220898887,3
1144,業務 問題 信超 媒雲端 服務股 購買個 資盤 次數 問題,1493,0.5715241220898887,3
1145,業務 問題 信超 媒雲端 服務股 購買個 資盤 次數 問題,1494,0.5715241220898887,3
1146,業務 問題 信超 媒雲端 服務股 購買個 資盤 次數 問題,1495,0.5715241220898887,3
1147,業務 問題 信超 媒雲端 服務股 購買個 資盤 次數 問題,1496,0.5715241220898887,3
1148,業務 問題 信超 媒雲端 服務股 購買個 資盤 次數 問題,1497,0.5715241220898887,3
1149,業務 問題 信超 媒雲端 服務股 購買個 資盤 次數 問題,1498,0.5715241220898887,3
1150,業務 問題 信超 媒雲端 服務股 購買個 資盤 次數 問題,1499,0.5715241220898887,3
1151,宏泰壽誤 判容個 資關個 資盤 服務報 價宏泰壽 補充,1443,0.5554845078391187,3
1152,正宏泰壽 關個 資盤 服務報 價宏泰壽,142,0.5554759156341454,3
1153,關個 資盤 服務報 價宏泰壽,279,0.5554759156341454,3
1154,關個 資盤 服務報 價宏泰壽,282,0.5554759156341454,3
1155,正宏泰壽 關個 資盤 服務報 價宏泰壽,815,0.5554759156341454,3
1156,關個 資盤 服務報 價宏泰壽,1184,0.5554759156341454,3
1157,關個 資盤 服務報 價宏泰壽,1188,0.5554759156341454,3
1158,關個 資盤 服務報 價宏泰壽,1189,0.5554759156341454,3
1159,關個 資盤 服務報 價宏泰壽,1190,0.5554759156341454,3
1160,遠 重覆 掃 描範例,278,0.5543765033684519,3
1161,遠 重覆 掃 描範例,744,0.5543765033684519,3
1162,遠 重覆 掃 描範例,751,0.5543765033684519,3
1163,遠 重覆 掃 描範例,752,0.5543765033684519,3
1164,遠 重覆 掃 描範例,755,0.5543765033684519,3
1165,遠 重覆 掃 描範例,1528,0.5543765033684519,3
1166,遠 重覆 掃 描範例,1529,0.5543765033684519,3
1167,遠 重覆 掃 描範例,1530,0.5543765033684519,3
1168,遠東 重覆 掃 描範例,747,0.5543608473155421,3
1169,遠東 重覆 掃 描範例,748,0.5543608473155421,3
1170,遠東 重覆 掃 描範例,753,0.5543608473155421,3
1171,遠東 重覆 掃 描範例,754,0.5543608473155421,3
1172,遠東 重覆 掃 描範例,828,0.5543608473155421,3
1173,遠東 重覆 掃 描範例,829,0.5543608473155421,3
1174,遠東 重覆 掃 描範例,830,0.5543608473155421,3
1175,遠東 重覆 掃 描範例,831,0.5543608473155421,3
1176,丁婦 幼 派送 程式 問題,691,0.5474056261930483,3
1177,丁婦 幼 派送 程式 問題,692,0.5474056261930483,3
1178,丁婦 幼 派送 程式 問題,693,0.5474056261930483,3
1179,丁婦 幼 派送 程式 問題,1444,0.5474056261930483,3
1180,丁婦 幼 派送 程式 問題,1445,0.5474056261930483,3
1181,丁婦 幼 派送 程式 問題,1446,0.5474056261930483,3
1182,丁婦 幼 派送 程式 問題,1447,0.5474056261930483,3
1183,先啟 資訊 無法 清前 紀錄 問先 啟資訊,668,0.5437626329280981,3
1184,先啟 資訊 無法 清前 紀錄 問先 啟資訊,669,0.5437626329280981,3
1185,先啟 資訊 無法 清前 紀錄 問先 啟資訊,670,0.5437626329280981,3
1186,先啟 資訊 無法 清前 紀錄 問先 啟資訊,671,0.5437626329280981,3
1187,先啟 資訊 無法 清前 紀錄 問先 啟資訊,1425,0.5437626329280981,3
1188,宏泰壽 提出 個 問題 幫忙 確認 關個 資盤 服務報 價宏泰壽,1442,0.5427856574935997,3
1189,電腦 掃 描筆 數疑問,720,0.5413476167060015,3
1190,電腦 掃 描筆 數疑問,1475,0.5413476167060015,3
1191,電腦 掃 描筆 數疑問,1476,0.5413476167060015,3
1192,電腦 掃 描筆 數疑問,1477,0.5413476167060015,3
1193,電腦 掃 描筆 數疑問,1478,0.5413476167060015,3
1194,電腦 掃 描筆 數疑問,1479,0.5413476167060015,3
1195,電腦 掃 描筆 數疑問,1480,0.5413476167060015,3
1196,電腦 掃 描筆 數疑問,1481,0.5413476167060015,3
1197,電腦 掃 描筆 數疑問,1482,0.5413476167060015,3
1198,電腦 掃 描筆 數疑問,1483,0.5413476167060015,3
1199,電腦 掃 描筆 數疑問,1484,0.5413476167060015,3
1200,電腦 掃 描筆 數疑問,1485,0.5413476167060015,3
1201,電腦 掃 描筆 數疑問,1486,0.5413476167060015,3
1202,電腦 掃 描筆 數疑問,1487,0.5413476167060015,3
1203,電腦 掃 描筆 數疑問,1488,0.5413476167060015,3
1204,遠東 設定 否需 調整,749,0.5383789908355546,3
1205,遠東 設定 否需 調整,750,0.5383789908355546,3
1206,遠東 設定 否需 調整,940,0.5383789908355546,3
1207,遠東 設定 否需 調整,1526,0.5383789908355546,3
1208,遠東 設定 否需 調整,1527,0.5383789908355546,3
1209,雃 博 問 題,914,0.5382355397199872,3
1210,泰世華掃 瞄出 現線 異常泰 世華林姐 關詢 問否 掃 瞄資料 庫,687,0.5302487568127693,3
1211,泰世華掃 瞄出 現線 異常泰 世華林姐 關詢 問否 掃 瞄資料 庫,688,0.5302487568127693,3
1212,泰世華掃 瞄出 現線 異常泰 世華林姐 關詢 問否 掃 瞄資料 庫,1437,0.5302487568127693,3
1213,泰世華掃 瞄出 現線 異常泰 世華林姐 關詢 問否 掃 瞄資料 庫,1438,0.5302487568127693,3
1214,無法 清前 紀錄 問先 啟資訊,1521,0.5169770486955332,3
1215,無法 清前 紀錄 問先 啟資訊,1522,0.5169770486955332,3
1216,無法 清前 紀錄 問先 啟資訊,1523,0.5169770486955332,3
1217,無法 清前 紀錄 問先 啟資訊,1524,0.5169770486955332,3
1218,百通 股份 限 公司 個 資盤 服務明,160,0.5103530091421662,3
1219,關個 資盤 服務宏泰壽,1707,0.49989194398365105,3
1220,關個 資盤 服務宏泰壽,1708,0.49989194398365105,3
1221,關個 資盤 服務宏泰壽,1709,0.49989194398365105,3
1222,關個 資盤 服務宏泰壽,1710,0.49989194398365105,3
1223,關個 資盤 服務宏泰壽,1712,0.49989194398365105,3
1224,關個 資盤 服務宏泰壽,1713,0.49989194398365105,3
1225,關個 資盤 服務宏泰壽,1714,0.49989194398365105,3
1226,關個 資盤 服務報 價單 次次,283,0.49988969278446577,3
1227,關個 資盤 服務報 價單 次次,1532,0.49988969278446577,3
1228,關個 資盤 服務報 價單 次次,1537,0.49988969278446577,3
1229,先啟 資訊申 加值 次,166,0.4997913366592955,3
1230,先啟 資訊申 加值 次,928,0.4997913366592955,3
1231,私雲測試 明仁 寶電腦,1401,0.4976871201508634,3
1232,私雲測試 明仁 寶電腦,1402,0.4976871201508634,3
1233,私雲測試 明仁 寶電腦,1403,0.4976871201508634,3
1234,私雲測試 明仁 寶電腦,1404,0.4976871201508634,3
1235,私雲測試 明仁 寶電腦,1405,0.4976871201508634,3
1236,私雲測試 明仁 寶電腦,1406,0.4976871201508634,3
1237,私雲測試 明仁 寶電腦,1407,0.4976871201508634,3
1238,私雲測試 明仁 寶電腦,1408,0.4976871201508634,3
1239,私雲測試 明仁 寶電腦,1409,0.4976871201508634,3
1240,私雲測試 明仁 寶電腦,1410,0.4976871201508634,3
1241,私雲測試 明仁 寶電腦,1531,0.4976871201508634,3
1242,百通 申個 資盤 測試,247,0.4974253255732035,3
1243,百通 申個 資盤 測試,1149,0.4974253255732035,3
1244,華通 電腦 協助 遠端 測試,711,0.4964861612398137,3
1245,華通 電腦 協助 遠端 測試,712,0.4964861612398137,3
1246,華通 電腦 協助 遠端 測試,1468,0.4964861612398137,3
1247,華通 電腦 協助 遠端 測試,1469,0.4964861612398137,3
1248,投信 測試 相關 問題,164,0.49241811613480574,3
1249,投信 測試 相關 問題,925,0.49241811613480574,3
1250,惟詢 問優惠 價格 方案,270,0.4829755049120814,3
1251,惟詢 問優惠 價格 方案,647,0.4829755049120814,3
1252,礦務東 辦處 加密 錯誤 正,826,0.4804564075994308,3
1253,先啟 資訊申 正式 測試 帳號,167,0.4775051777386798,3
1254,先啟 資訊申 正式 測試 帳號,256,0.4775051777386798,3
1255,先啟 資訊申 正式 測試 帳號,929,0.4775051777386798,3
1256,先啟 資訊申 正式 測試 帳號,930,0.4775051777386798,3
1257,先啟 資訊申 正式 測試 帳號,931,0.4775051777386798,3
1258,鬍 鬚 張 術 問 題,493,0.47483133756170376,3
1259,鬍 鬚 張 術 問 題,500,0.47483133756170376,3
1260,鬍 鬚 張 術 問 題,889,0.47483133756170376,3
1261,工試轉 正式 授權數 增加 次,156,0.46399881006216387,3
1262,防理 學院 試轉 正式 授權數 增加 次,157,0.46399881006216387,3
1263,雲帳 號無法 登入 雲端 電子 郵件 協助,835,0.4638274890639856,3
1264,雲帳 號無法 登入 雲端 電子 郵件 協助,836,0.4638274890639856,3
1265,郵件 系統 建議 無法利 收郵件,252,0.4559034323596676,3
1266,無法 校園 雲端 電子 郵件,1626,0.44850941919446036,3
1267,無法 校園 雲端 電子 郵件,1627,0.44850941919446036,3
1268,無法 校園 雲端 電子 郵件,1789,0.44850941919446036,3
1269,安維斯 記錄 設定 問題 系統 通知 記錄 避免 退信 常發生 正,805,0.44849220438444154,3
1270,安維斯 記錄 設定 問題 系統 通知 記錄 避免 退信 常發生 正,806,0.44849220438444154,3
1271,信超 媒雲端 服務股 公司 盤 授權 問題,650,0.44329401622441905,3
1272,信超 媒雲端 服務股 公司 盤 授權 問題,1415,0.44329401622441905,3
1273,關個 資盤 服務耀際限 公司,281,0.4421153199745112,3
1274,關個 資盤 服務耀際限 公司,1703,0.4421153199745112,3
1275,信超 媒發生 問題 必須 關閉 個 資盤 問題 詢問,681,0.436163474715617,3
1276,登入 雲端 電子 郵件 問題,1664,0.42943366283003903,3
1277,仁寶私 雲測試 明仁 寶電腦,665,0.42552566597706565,3
1278,仁寶私 雲測試 明仁 寶電腦,666,0.42552566597706565,3
1279,礦務東 辦處 加密 錯誤,155,0.4242550367181423,3
1280,場問題 回饋,162,0.41751636349800214,3
1281,場問題 回饋,1158,0.41751636349800214,3
1282,場問題 回饋,1159,0.41751636349800214,3
1283,場問題 回饋,1160,0.41751636349800214,3
1284,場問題 回饋,1161,0.41751636349800214,3
1285,場問題 回饋,1166,0.41751636349800214,3
1286,場問題 回饋,1167,0.41751636349800214,3
1287,賀財宏 單帶 附 歷史 成交 紀錄,249,0.41311506694277444,3
1288,宏泰壽 報表查詢 問題 權限 改成 正式 查詢 畫面 問題,690,0.4029716972436259,3
1289,宏泰壽 報表查詢 問題 權限 改成 正式 查詢 畫面 問題,1440,0.4029716972436259,3
1290,宏泰壽 報表查詢 問題 權限 改成 正式 查詢 畫面 問題,1441,0.4029716972436259,3
1291,無法線 郵件 系統,1658,0.39977705468919816,3
1292,無法線 郵件 系統,1793,0.39977705468919816,3
1293,註 冊 信箱 出現 錯誤 系統 錯誤,1690,0.39813346421942414,3
1294,註 冊 信箱 出現 錯誤 系統 錯誤,1691,0.39813346421942414,3
1295,註 冊 信箱 出現 錯誤 系統 錯誤,1692,0.39813346421942414,3
1296,註 冊 信箱 出現 錯誤 系統 錯誤,1693,0.39813346421942414,3
1297,查詢 畫面 問題,1624,0.3960595520980425,3
1298,查詢 畫面 問題,1787,0.3960595520980425,3
1299,雲桃園 竹 操作 問題 資料 庫 錯誤 無法 雲端 電子 郵件,1771,0.3923339389510029,3
1300,北遠 工程 師盤 程式,173,0.39187447443135165,3
1301,北遠 工程 師盤 程式,939,0.39187447443135165,3
1302,業務 問題 曠務希先 增加 掃 描次數,738,0.38842094903906504,3
1303,業務 問題 曠務希先 增加 掃 描次數,1506,0.38842094903906504,3
1304,業務 問題 曠務希先 增加 掃 描次數,1507,0.38842094903906504,3
1305,業務 問題 曠務希先 增加 掃 描次數,1508,0.38842094903906504,3
1306,業務 問題 曠務希先 增加 掃 描次數,1509,0.38842094903906504,3
1307,業務 問題 曠務希先 增加 掃 描次數,1510,0.38842094903906504,3
1308,操作 問題 資料 庫 錯誤 無法 雲端 電子 郵件,179,0.3875941425867353,3
1309,操作 問題 資料 庫 錯誤 無法 雲端 電子 郵件,986,0.3875941425867353,3
1310,操作 問題 資料 庫 錯誤 無法 雲端 電子 郵件,987,0.3875941425867353,3
1311,操作 問題 資料 庫 錯誤 無法 雲端 電子 郵件,988,0.3875941425867353,3
1312,操作 問題 資料 庫 錯誤 無法 雲端 電子 郵件,989,0.3875941425867353,3
1313,安泰 銀 行程 式 執行 掃描 預設 磁碟,26,0.3843715293067306,3
1314,克蘇諾貝 執行 掃 瞄 顯示 次數 完 尚未 進行 掃 瞄 執行 錯 誤訊息,1474,0.3840247563937385,3
1315,關個 資盤 服務,1711,0.3810789168362493,3
1316,校園 雲端 郵件 東縣 網路 心無法 進入 帳號 申畫面,129,0.379251810055617,3
1317,遠流 出版 掃描 界面 直出 現帳 號密碼 錯誤,719,0.36667006642005795,3
1318,遠流 出版 掃描 界面 直出 現帳 號密碼 錯誤,1473,0.36667006642005795,3
1319,郵件 系統 建議 資訊授 權足 無法 登入 帳號,250,0.3655967060574719,3
1320,郵件 系統 建議 無法 收件 寄件,251,0.364213860137149,3
1321,郵件 系統 建議 無法 收件 寄件,1155,0.364213860137149,3
1322,雲 註 冊 信箱 出現 錯誤 系統 錯誤,922,0.36002943248566943,3
1323,銷商卓墾 雲端 股份 限 公司 術 問題,3,0.35895890844678724,3
1324,業務 問題 安 套餐 優惠 方案,1383,0.34406717988825203,3
1325,業務 問題 眾電腦 幫詢 問電子 郵件 系統,498,0.34067432181695334,3
1326,改版 紀錄,276,0.3324497703495998,3
1327,改版 紀錄,727,0.3324497703495998,3
1328,改版 紀錄,1490,0.3324497703495998,3
1329,改版 紀錄,1491,0.3324497703495998,3
1330,集保 結算 測試 需求,1156,0.32552998079356776,3
1331,雲入網 串接 發生 錯誤,261,0.3250220447818918,3
1332,雲入網 串接 發生 錯誤,993,0.3250220447818918,3
1333,灣雅瑪 認證 錯誤,677,0.3223451945176452,3
1334,灣雅瑪 認證 錯誤,678,0.3223451945176452,3
1335,灣雅瑪掃 瞄半電腦 重開機 認證 錯誤,679,0.3223451945176452,3
1336,灣雅瑪掃 瞄半電腦 重開機 認證 錯誤,680,0.3223451945176452,3
1337,灣雅瑪 認證 錯誤,1430,0.3223451945176452,3
1338,灣雅瑪掃 瞄半電腦 重開機 認證 錯誤,1431,0.3223451945176452,3
1339,宏泰壽宏泰壽 問題 產生 報表出 現未 選擇 開始間,1192,0.3208339795316511,3
1340,林眼 鏡詢 問手 機雙步 問題,478,0.3207639585493289,3
1341,林眼 鏡術 問題,601,0.3207639585493289,3
1342,林眼 鏡術 問題,900,0.3207639585493289,3
1343,林眼 鏡術 問題,901,0.3207639585493289,3
1344,金門 縣師 登雲欲登 入校 園電子 郵件 出現 資料 庫 錯誤,1702,0.31223384691824696,3
1345,金門 縣師 登雲欲登 入校 園電子 郵件 出現 資料 庫 錯誤,1813,0.31223384691824696,3
1346,確認 終慶 推出 期關 終續 約 優惠,414,0.3107884126163419,3
1347,交通 系統 問題,9,0.3107259862242814,3
1348,交通 系統 問題,851,0.3107259862242814,3
1349,關雲端 電子 郵件 登入 問題,628,0.306804429177729,3
1350,關雲端 電子 郵件 登入 問題,1622,0.306804429177729,3
1351,行院 關雲端 郵件 服務 測試 問題 信箱 寄送 信箱 郵件 無法 寄達,248,0.3065121472537899,3
1352,彰銀 成交 硬租,1577,0.3015459669034959,3
1353,彰銀 成交 硬租,1578,0.3015459669034959,3
1354,彰銀 成交 硬租,1579,0.3015459669034959,3
1355,彰銀 成交 硬租,1735,0.3015459669034959,3
1356,忘記 掃描 程式 線 伺服器 密碼,1595,0.29603993360468367,3
1357,掃描 警示 訊息,741,0.2959198840053853,3
1358,掃描 警示 訊息,1518,0.2959198840053853,3
1359,泰世華 修正 檔案,161,0.29383725377101233,3
1360,建 支援 掃描 網路 磁碟 機身 碟,725,0.29101229902615255,3
1361,建 支援 掃描 網路 磁碟 機身 碟,726,0.29101229902615255,3
1362,遠東際 盤間 延長 補充,1558,0.2906961720014007,3
1363,遠東際 盤間 延長 補充,1566,0.2906961720014007,3
1364,刪 逾 記錄,1185,0.2841399232995786,3
1365,刪 逾 記錄,1186,0.2841399232995786,3
1366,刪 逾 記錄,1575,0.2841399232995786,3
1367,遠流灣 信威華邦 電彰 銀仁康 醫院 完成 掃描,742,0.28367847495713633,3
1368,遠流灣 信威華邦 電彰 銀仁康 醫院 完成 掃描,743,0.28367847495713633,3
1369,遠流灣 信威華邦 電彰 銀仁康 醫院 完成 掃描,1519,0.28367847495713633,3
1370,遠流灣 信威華邦 電彰 銀仁康 醫院 完成 掃描,1520,0.28367847495713633,3
1371,灣資訊 網路心 需 工程 師遠端 線系 統卡,874,0.28364392836287594,3
1372,統 精工 術 問題,486,0.28012825848147266,3
1373,統 精工 術 問題,871,0.28012825848147266,3
1374,義美關 郵件 身 問題,899,0.27514593982505525,3
1375,身碟 網路 磁碟 機掃 描功測 試建 支援 掃描 網路 磁碟 機身 碟,154,0.2564381306183703,3
1376,回覆 業務 問題 彰化 銀行 問否 貴 單位 公司 產品 介紹 簡報 報價 彰化 銀行,1574,0.7208576450554357,4
1377,業務 問題 彰化 銀行 問否 貴 單位 公司 產品 介紹 簡報 報價,731,0.7181388972746027,4
1378,業務 問題 彰化 銀行 問否 貴 單位 公司 產品 介紹 簡報 報價,732,0.7181388972746027,4
1379,業務 問題 群頂限 公司 煩 提供 報價 希天 收回 覆,62,0.7044123737504916,4
1380,希天 收回 覆業務 問題 亮眼 煩 提供 報價,811,0.660680572081572,4
1381,業務 問題 陳 先生 煩 提供 報價,303,0.6588948365314005,4
1382,業務 問題 陳 先生 煩 提供 報價,587,0.6588948365314005,4
1383,業務 問題 陳 先生 煩 提供 報價,1374,0.6588948365314005,4
1384,希天 收報 價資料 業務 問題 蘇 先生 煩 提供 報價,137,0.6586479856840739,4
1385,工 業 製 容 提供 規格 建議,1668,0.6567895002275994,4
1386,工 業 製 容 提供 規格 建議,1669,0.6567895002275994,4
1387,工 業 製 容 提供 規格 建議,1670,0.6567895002275994,4
1388,工 業 製 容 提供 規格 建議,1671,0.6567895002275994,4
1389,工 業 製 容 提供 規格 建議,1672,0.6567895002275994,4
1390,工 業 製 容 提供 規格 建議,1673,0.6567895002275994,4
1391,工 業 製 容 提供 規格 建議,1674,0.6567895002275994,4
1392,工 業 製 容 提供 規格 建議,1675,0.6567895002275994,4
1393,工 業 製 容 提供 規格 建議,1676,0.6567895002275994,4
1394,工 業 製 容 提供 規格 建議,1677,0.6567895002275994,4
1395,工 業 製 容 提供 規格 建議,1678,0.6567895002275994,4
1396,工 業 製 容 提供 規格 建議,1679,0.6567895002275994,4
1397,業務 問題 蔚隆創 股份 限 公司 希天 收回 覆,111,0.6562190487625712,4
1398,業務 問題 優護際 股份 限 公司 煩 提供 報價,537,0.6560394594583927,4
1399,業務 問題 安石鋼 股份 限 公司 煩 提供 報價,560,0.6560394594583927,4
1400,業務 問題 昶 茂貿易 股份 限 公司 煩 提供 報價,589,0.6560394594583927,4
1401,業務 問題 高聖 精密 機電 股份 限 公司 煩 提供 報價,593,0.6560394594583927,4
1402,業務 問題 鮮綠 農業 股份 限 公司 煩 提供 報價,594,0.6560394594583927,4
1403,業務 問題 立擎 實業限 公司 煩 提供 報價,573,0.6509771689319496,4
1404,業務 問題 杰貿 實業限 公司 煩 提供 報價,777,0.6509771689319496,4
1405,業務 問題 立擎 實業限 公司 煩 提供 報價,1369,0.6509771689319496,4
1406,業務 問題 塞席 商萬喜 達際限 公司 灣 公司 煩 提供 報價,555,0.6457505317412403,4
1407,業務 問題 塞席 商萬喜 達際限 公司 灣 公司 煩 提供 報價,1583,0.6457505317412403,4
1408,業務 問題 亞限 公司 煩 提供 續約 報價,516,0.6422847081694131,4
1409,規格 確認 問題 處 電腦名 異動名 單協助 處理,1805,0.6336441070633773,4
1410,規格 確認 問題 處 電腦名 異動名 單協助 處理,1806,0.6336441070633773,4
1411,規格 確認 問題 處 電腦名 異動名 單協助 處理,1807,0.6336441070633773,4
1412,規格 確認 問題 處 電腦名 異動名 單協助 處理,1808,0.6336441070633773,4
1413,完成 試掃描 提供 灣雅瑪際 物流 惟,739,0.6323009854516212,4
1414,完成 試掃描 提供 灣雅瑪際 物流 惟,740,0.6323009854516212,4
1415,完成 試掃描 提供 灣雅瑪際 物流 惟,1514,0.6323009854516212,4
1416,完成 試掃描 提供 灣雅瑪際 物流 惟,1515,0.6323009854516212,4
1417,完成 試掃描 提供 灣雅瑪際 物流 惟,1516,0.6323009854516212,4
1418,希天 收回 覆業務 問題 京漾 生煩 提供 報價,134,0.6290959300372675,4
1419,希天 收回 覆業務 問題 京漾 生煩 提供 報價,814,0.6290959300372675,4
1420,業務 問題 侯 先生 煩 提供 報價,546,0.626642245248386,4
1421,業務 問題 先生 煩 提供 報價,591,0.626642245248386,4
1422,業務 問題 宏泰壽 希業務 親明 服務,729,0.6244654139996771,4
1423,業務 問題 宏泰壽 希業務 親明 服務,730,0.6244654139996771,4
1424,業務 問題 宏泰壽 希業務 親明 服務,1500,0.6244654139996771,4
1425,業務 問題 宏泰壽 希業務 親明 服務,1501,0.6244654139996771,4
1426,業務 問題 宏泰壽 希業務 親明 服務,1511,0.6244654139996771,4
1427,業務 問題 宏泰壽 希業務 親明 服務,1512,0.6244654139996771,4
1428,業務 問題 宏泰壽 希業務 親明 服務,1513,0.6244654139996771,4
1429,業務 問題 駒 進 股份 限 公司 煩 提供 報價,592,0.6188241616129843,4
1430,業務 問題 穩 鈦 興業限 公司 煩 提供 報價,6,0.6187554993013709,4
1431,業務 問題 捷仁際開 發限 公司 煩 提供 報價,48,0.6187554993013709,4
1432,業務 問題 捷仁際開 發限 公司 煩 提供 報價,57,0.6187554993013709,4
1433,業務 問題 莎伶限 公司 煩 提供 報價,96,0.6187554993013709,4
1434,業務 問題 迪諾遊 戲限 公司 煩 提供 報價,98,0.6187554993013709,4
1435,業務 問題 莎伶限 公司 煩 提供 報價,105,0.6187554993013709,4
1436,業務 問題 迪諾遊 戲限 公司 煩 提供 報價,107,0.6187554993013709,4
1437,業務 問題 世塑限 公司 煩 提供 報價,539,0.6187554993013709,4
1438,業務 問題 烯源限 公司 煩 提供 報價,568,0.6187554993013709,4
1439,業務 問題 美 堅限 公司 煩 提供 報價,575,0.6187554993013709,4
1440,業務 問題 聯發生 美學限 公司 煩 提供 報價,576,0.6187554993013709,4
1441,業務 問題 穩 鈦 興業限 公司 煩 提供 報價,758,0.6187554993013709,4
1442,業務 問題 捷仁際開 發限 公司 煩 提供 報價,776,0.6187554993013709,4
1443,業務 問題 匯遠際限 公司 煩 提供 報價,792,0.6187554993013709,4
1444,業務 問題 莎伶限 公司 煩 提供 報價,798,0.6187554993013709,4
1445,業務 問題 聯發生 美學限 公司 煩 提供 報價,1370,0.6187554993013709,4
1446,業務 問題 黃 先生 煩 提供 報價功 詢問,305,0.6173637022599848,4
1447,業務 問題 耀群 股份 限 公司 產品 介紹,497,0.6169037584089448,4
1448,業務 問題 胡蜂 際 貿易限 公司 煩 提供 報價,577,0.6103774427434593,4
1449,業務 問題 正齊煩 提供 續約 報價 沒 收回 覆,265,0.6087016326442559,4
1450,業務 問題 正齊煩 提供 續約 報價 沒 收回 覆,1169,0.6087016326442559,4
1451,業務 問題 安際 工程 煩 提供 報價,1364,0.6076411535886868,4
1452,業務 問題 金攀 工程 煩 提供 報價,1373,0.6076411535886868,4
1453,廣告 信 漏判 收釣魚 廣告 信,442,0.5992760474140967,4
1454,監 察院 否 提供 單純 針個 資容 遮功監 察院,1465,0.5985307267905136,4
1455,監 察院 否 提供 單純 針個 資容 遮功監 察院,1466,0.5985307267905136,4
1456,業務 問題 化 學 製 藥 希 業 務 公司 介紹 報價,550,0.5985097960690757,4
1457,業務問 題鐘 先生 煩 提供 報價,586,0.5964954633141999,4
1458,業務 問題 伊羅安 企業 股份 限 公司 煩 提供 報價,545,0.5940027805177299,4
1459,業務 問題 伊羅安 企業 股份 限 公司 煩 提供 報價,1360,0.5940027805177299,4
1460,希天午 收回 覆業務 問題 禾 境室 設計煩 提供 報價,32,0.5910723443815679,4
1461,希午 收回 覆業務 問題 立北學煩 提供 報價,131,0.5910723443815679,4
1462,希天午 收回 覆業務 問題 禾 境室 設計煩 提供 報價,765,0.5910723443815679,4
1463,業務 問題 高 先生 站式 服務加購 報價,624,0.5881931251357997,4
1464,業務 問題 高 先生 站式 服務加購 報價,625,0.5881931251357997,4
1465,業務 問題 高 先生 站式 服務加購 報價,626,0.5881931251357997,4
1466,業務 問題 高 先生 站式 服務加購 報價,1390,0.5881931251357997,4
1467,業務 問題 寬 博際煩 提供 報價,46,0.5879242331055693,4
1468,業務 問題 寬 博際煩 提供 報價,55,0.5879242331055693,4
1469,業務 問題 寬 博際煩 提供 報價,561,0.5879242331055693,4
1470,業務 問題 寬 荷煩 提供 報價,562,0.5879242331055693,4
1471,業務 問題 寬 博際煩 提供 報價,773,0.5879242331055693,4
1472,業務 問題 陳 姐煩 提供 報價,590,0.5877582194661992,4
1473,希天 收回 覆業務 問題 貿 全球 電子 商務煩 提供 報價,135,0.5876389710414097,4
1474,業務 問題 浩拓 汽車 材料 希天 收回 覆,496,0.5875801076804014,4
1475,業務 問題 康揚 美術 印刷 煩 提供 報價,47,0.5875151946862784,4
1476,業務 問題 康揚 美術 印刷 煩 提供 報價,56,0.5875151946862784,4
1477,業務 問題 華電子 煩 提供 報價,90,0.5875151946862784,4
1478,業務 問題 漢霖 煩 提供 報價,95,0.5875151946862784,4
1479,業務 問題 漢霖 煩 提供 報價,104,0.5875151946862784,4
1480,業務 問題 彥昕 精密 煩 提供 報價,538,0.5875151946862784,4
1481,業務 問題 孔先生 煩 提供 報價,557,0.5875151946862784,4
1482,業務 問題 愛長 煩 提供 報價,566,0.5875151946862784,4
1483,業務 問題 財團 法北 文化 基金 煩 提供 報價,581,0.5875151946862784,4
1484,業務 問題 視代 影音 煩 提供 報價,588,0.5875151946862784,4
1485,業務 問題 財團 法北 文化 基金 煩 提供 報價,759,0.5875151946862784,4
1486,業務 問題 康揚 美術 印刷 煩 提供 報價,774,0.5875151946862784,4
1487,業務 問題 華電子 煩 提供 報價,791,0.5875151946862784,4
1488,業務 問題 漢霖 煩 提供 報價,795,0.5875151946862784,4
1489,業務 問題 安均 煩 提供 報價,1358,0.5875151946862784,4
1490,業務 問題 富騁 煩 提供 報價,1365,0.5875151946862784,4
1491,業務 問題 商 伊藤忠 煩 提供 報價,1367,0.5875151946862784,4
1492,業務 問題 視代 影音 煩 提供 報價,1371,0.5875151946862784,4
1493,業務 問題 英伍 實業關 取回 問題 希週夠 收回 覆,101,0.5799816684389427,4
1494,業務 問題 英伍 實業關 取回 問題 希週夠 收回 覆,110,0.5799816684389427,4
1495,廣告 信 漏判 收釣魚 廣告 信問 近常 收信 確定 貴 公司 發出,359,0.5772361344088522,4
1496,煩 提供 匯入 檔案 範利 查明 問題 原,174,0.5726025117144058,4
1497,煩 提供 匯入 檔案 範利 查明 問題 原,941,0.5726025117144058,4
1498,煩 提供 匯入 檔案 範利 查明 問題 原,1660,0.5726025117144058,4
1499,業務 問題 奎 瑞斯 企業煩 提供 續約 報價,87,0.5711596111514895,4
1500,業務 問題 正齊煩 提供 續約 報價,534,0.5711596111514895,4
1501,業務 問題 奎 瑞斯 企業煩 提供 續約 報價,789,0.5711596111514895,4
1502,造隆驗證 問題 造隆 股份 限 公司 詢問術 問題,1379,0.5703231073753405,4
1503,業務 問題 輝 創電子 股份 限 公司 高雄 發工業 希業務 公司 介紹,499,0.5697260526014594,4
1504,產品 業務 問題 詢問 問題,1662,0.5662343781879684,4
1505,產品 業務 問題 詢問 問題,1796,0.5662343781879684,4
1506,產品 業務 問題 詢問 問題,1797,0.5662343781879684,4
1507,產品 業務 問題 詢問 問題,1798,0.5662343781879684,4
1508,業務 問題 喬晟 股份 限 公司 合約期 問題,788,0.5609919794729795,4
1509,業務 問題 異術煩 提供 報價著 知道 價格,65,0.5546264511354267,4
1510,業務 問題 異術煩 提供 報價著 知道 價格,780,0.5546264511354267,4
1511,監 察院 否 提供 單純 針個 資容 遮功,705,0.5536026201587886,4
1512,監 察院 否 提供 單純 針個 資容 遮功,706,0.5536026201587886,4
1513,希天 收回 覆業務 問題 健康 署,2,0.5444608512979208,4
1514,希天絡業務 問題 親子堡 煩 提供 報價,138,0.54386626890631,4
1515,業務 問題 楊 先生 煩 提供 報價 企業 信箱,571,0.5394312971593734,4
1516,業務 問題 楊 先生 煩 提供 報價 企業 信箱,1368,0.5394312971593734,4
1517,業務 問題 永崴 實業煩 提供 報價,93,0.5389090728287229,4
1518,業務 問題 永崴 實業煩 提供 報價,102,0.5389090728287229,4
1519,業務 問題 越煩 提供 報價,536,0.5389090728287229,4
1520,業務 問題 世界 鎖具煩 提供 報價,540,0.5389090728287229,4
1521,業務 問題 衛聯合開 發煩 提供 報價,542,0.5389090728287229,4
1522,業務 問題 信密 電機煩 提供 報價,547,0.5389090728287229,4
1523,業務 問題 千演煩 提供 報價,548,0.5389090728287229,4
1524,業務 問題 古列 實業煩 提供 報價,549,0.5389090728287229,4
1525,業務 問題 吉力 家煩 提供 報價,553,0.5389090728287229,4
1526,業務 問題 昇 餐 飲煩 提供 報價,554,0.5389090728287229,4
1527,業務 問題 陽煩 提供 報價,556,0.5389090728287229,4
1528,業務 問題 弘憶煩 提供 報價,565,0.5389090728287229,4
1529,業務 問題 正際 企業煩 提供 報價,567,0.5389090728287229,4
1530,業務 問題 視代煩 提供 報價,569,0.5389090728287229,4
1531,業務 問題 暢泓煩 提供 報價,570,0.5389090728287229,4
1532,業務 問題 火鳥煩 提供 報價,572,0.5389090728287229,4
1533,業務 問題 索仕煩 提供 報價,574,0.5389090728287229,4
1534,業務 問題 興承 機械煩 提供 報價,578,0.5389090728287229,4
1535,業務 問題 達 楷生 醫煩 提供 報價,582,0.5389090728287229,4
1536,業務 問題 遠達煩 提供 報價,583,0.5389090728287229,4
1537,業務 問題 鄭 博文 補習 班煩 提供 報價,584,0.5389090728287229,4
1538,業務 問題 量子 酒煩 提供 報價,585,0.5389090728287229,4
1539,業務 問題 流亞煩 提供 報價,757,0.5389090728287229,4
1540,業務 問題 松際煩 提供 報價,760,0.5389090728287229,4
1541,業務 問題 世界 鎖具煩 提供 報價,772,0.5389090728287229,4
1542,業務 問題 展貿易煩 提供 報價,793,0.5389090728287229,4
1543,業務 問題 永崴 實業煩 提供 報價,794,0.5389090728287229,4
1544,業務 問題 信密 電機煩 提供 報價,1361,0.5389090728287229,4
1545,業務 問題 總太產煩 提供 報價,1362,0.5389090728287229,4
1546,業務 問題 昇 餐 飲煩 提供 報價,1363,0.5389090728287229,4
1547,業務 問題 寶盈 網路煩 提供 報價,1366,0.5389090728287229,4
1548,業務 問題 量子 酒煩 提供 報價,1372,0.5389090728287229,4
1549,立積 電子詢 問術 問題,40,0.5342557341557623,4
1550,立積 電子詢 問術 問題,41,0.5342557341557623,4
1551,立積 電子詢 問術 問題,42,0.5342557341557623,4
1552,立積 電子詢 問術 問題,49,0.5342557341557623,4
1553,立積 電子詢 問術 問題,50,0.5342557341557623,4
1554,立積 電子詢 問術 問題,51,0.5342557341557623,4
1555,立積 電子詢 問術 問題,67,0.5342557341557623,4
1556,立積 電子詢 問術 問題,485,0.5342557341557623,4
1557,立積 電子詢 問術 問題,782,0.5342557341557623,4
1558,立積 電子詢 問術 問題,890,0.5342557341557623,4
1559,立積 電子詢 問術 問題,904,0.5342557341557623,4
1560,立積 電子詢 問術 問題,909,0.5342557341557623,4
1561,希天 收報 價業務 問題 嘉毅達 電詢 問郵件 檔 服務 價格,132,0.5335035969321702,4
1562,業務問 題灣穎 傳煩 提供 續約 報價,86,0.5316592942652031,4
1563,業務問 題灣穎 傳煩 提供 續約 報價,787,0.5316592942652031,4
1564,業務 問題 展耀 申試 問題,564,0.5289376477047228,4
1565,業務 問題 德昌 際 專利 事務煩 提供 報價,775,0.5261774695938233,4
1566,造隆 股份 限 公司 詢問術 問題,884,0.522994174160206,4
1567,廣告 信 漏判 收釣魚 廣告 信問 注意 郵件,398,0.5144858177747574,4
1568,業務 問題 聯府 塑膠 股份 限 公司,796,0.5090284488725281,4
1569,業務 問題 聯府 塑膠 股份 限 公司,797,0.5090284488725281,4
1570,業務 問題 奇勗 詢問 郵件 檔 服務 價格,526,0.49983570089197515,4
1571,京城 銀行 申試,297,0.49860397663831046,4
1572,京城 銀行 申試,1207,0.49860397663831046,4
1573,京城 銀行 申試,1208,0.49860397663831046,4
1574,京城 銀行 申試,1209,0.49860397663831046,4
1575,彰化 銀行 電找,698,0.49721102857298033,4
1576,彰化 銀行 電找,699,0.49721102857298033,4
1577,彰化 銀行 電找,1457,0.49721102857298033,4
1578,彰化 銀行 電找,1458,0.49721102857298033,4
1579,彰化 銀行 電找,1459,0.49721102857298033,4
1580,業務問 題灣 菱江煩 提供 報價,45,0.49422926457286137,4
1581,業務問 題灣 菱江煩 提供 報價,54,0.49422926457286137,4
1582,業務問 題灣 菱江煩 提供 報價,552,0.49422926457286137,4
1583,業務 問題 博翰著 知道 價格 作業間,92,0.49230396593221154,4
1584,業務 問題 博翰著 知道 價格 作業間,785,0.49230396593221154,4
1585,操作 問題 拒 絕線,947,0.49229014304478136,4
1586,操作 問題 拒 絕線,948,0.49229014304478136,4
1587,操作 問題 拒 絕線,949,0.49229014304478136,4
1588,操作 問題 拒 絕線,950,0.49229014304478136,4
1589,操作 問題 拒 絕線,951,0.49229014304478136,4
1590,業務 問題 凱格蘭 創意 策略 顧問煩 提供 續約 報價 資料,786,0.4909166684808856,4
1591,業務 問題 融通 投資限 公司 想確 認郵件 代服務開 通間,97,0.4886276725702551,4
1592,業務 問題 銷商彤果 企業限 公司 想確 認銷 商價格,100,0.4886276725702551,4
1593,業務 問題 融通 投資限 公司 想確 認郵件 代服務開 通間,106,0.4886276725702551,4
1594,業務 問題 銷商彤果 企業限 公司 想確 認銷 商價格,109,0.4886276725702551,4
1595,業務 問題 融通 投資限 公司 想確 認郵件 代服務開 通間,799,0.4886276725702551,4
1596,交流 園廣告 信 漏判 問偽造 郵件址 廣告 信封 鎖,457,0.48829026917772617,4
1597,交流 園廣告 信 漏判 問偽造 郵件址 廣告 信封 鎖,1349,0.48829026917772617,4
1598,希天午 收回 覆業務 問題 宏侑聯合 計師 事務,31,0.4850507819865538,4
1599,希週前 收回 覆業務 問題 必應 創造,139,0.4850507819865538,4
1600,業務 問題 昱 宣希天 收漫 遊通 報價,89,0.4840596405128424,4
1601,希天 收回 覆業務 問題 慈幼 工商 續 簽維護 合約,812,0.4828548406687049,4
1602,希天 收回 覆業務 問題 慈幼 工商 續 簽維護 合約,813,0.4828548406687049,4
1603,業務 問題 安克美限 公司 詢問 試申 方法,559,0.48267516507543484,4
1604,業務 問題 聯偉電 辦理續 約 煩 提供 續約 報價,59,0.48246147092151576,4
1605,業務 問題 聯偉電 辦理續 約 煩 提供 續約 報價,778,0.48246147092151576,4
1606,希天 午接 回覆 業務 問題 忠欣 股份 限 公司,30,0.48090101462144025,4
1607,業務 問題 黎 先生,595,0.47779990637510616,4
1608,業務 問題 淞 需 報價,612,0.47652511920781265,4
1609,業務 問題 姐需 報價,613,0.47652511920781265,4
1610,業務 問題 艾迪森 需介紹 報價,618,0.47652511920781265,4
1611,運錩 鋼鐵詢 問術 問題,119,0.4756587697693401,4
1612,運錩 鋼鐵詢 問術 問題,491,0.4756587697693401,4
1613,運錩 鋼鐵詢 問術 問題,896,0.4756587697693401,4
1614,業務 問題 彰化 輔導團,124,0.4756479259065522,4
1615,業務 問題 彰化 銀行 想 瞭解 服務 需次,733,0.470473737815402,4
1616,業務 問題 彰化 銀行 想 瞭解 服務 需次,734,0.470473737815402,4
1617,業務 問題 彰化 銀行 想 瞭解 服務 需次,1502,0.470473737815402,4
1618,業務 問題 彰化 銀行 想 瞭解 服務 需次,1503,0.470473737815402,4
1619,業務 問題 金馨 需發 送 商品 訊息,302,0.46769750577131336,4
1620,業務 問題 長 春藤 生命 學 股份 限 公司,501,0.46276079057827785,4
1621,業務 問題 集英 網域 報價 問題,43,0.4600239486679783,4
1622,業務 問題 集英 網域 報價 問題,52,0.4600239486679783,4
1623,業務 問題 茂加 購帳 號茂 公司 增帳 號報價,58,0.45394125960160453,4
1624,業務 問題 天信卡 稽核 委 外服 務希 公司 進行 訪談,530,0.45394125960160453,4
1625,業務 問題 天信卡 稽核 委 外服 務希 公司 進行 訪談,1356,0.45394125960160453,4
1626,處電腦名 異動名 單協助 處理,1210,0.45316169191722094,4
1627,處電腦名 異動名 單協助 處理,1211,0.45316169191722094,4
1628,業務 問題 暐 元 資訊 企業 社幫詢 問煩 提供 報價,504,0.45019891488418196,4
1629,廣告 信 漏判 服問 收,363,0.4480697613570456,4
1630,神通 資訊 股份 限 公司 電腦名 相盤 問題,648,0.44157727184545853,4
1631,註 冊 成功 完成 驗證 勞衛署,266,0.43698653302062573,4
1632,註 冊 成功 完成 驗證 勞衛署,267,0.43698653302062573,4
1633,註 冊 成功 完成 驗證 勞衛署,268,0.43698653302062573,4
1634,註 冊 成功 完成 驗證 勞衛署,269,0.43698653302062573,4
1635,註 冊 成功 完成 驗證 勞衛署,273,0.43698653302062573,4
1636,註 冊 成功 完成 驗證 勞衛署,1171,0.43698653302062573,4
1637,註 冊 成功 完成 驗證 勞衛署,1174,0.43698653302062573,4
1638,註 冊 成功 完成 驗證 勞衛署,1400,0.43698653302062573,4
1639,業務 問題 祝立 誠 問貴 公司 關否 發信限 問題,301,0.43396575485453753,4
1640,業務 問題 祝立 誠 問貴 公司 關否 發信限 問題,1215,0.43396575485453753,4
1641,玩家 股份 限 公司 問題,60,0.42908441146572895,4
1642,北祥 股份 限 公司 問帳 術性 問題 否行,70,0.42908441146572895,4
1643,業務 問題 游 先生 想解 郵件 代費,94,0.4278161556425573,4
1644,業務 問題 游 先生 想解 郵件 代費,103,0.4278161556425573,4
1645,華泰銀行 需檔,1683,0.42728824010311817,4
1646,華泰銀行 需檔,1684,0.42728824010311817,4
1647,華泰銀行 需檔,1685,0.42728824010311817,4
1648,華泰銀行 需檔,1686,0.42728824010311817,4
1649,華泰銀行 需檔,1687,0.42728824010311817,4
1650,華泰銀行 需檔,1688,0.42728824010311817,4
1651,華泰銀行 需檔,1689,0.42728824010311817,4
1652,華泰銀行 需檔,1804,0.42728824010311817,4
1653,業務 問題 芳舟 生活 服 增加 數幫忙 提供 報價 資料,306,0.42643417674636086,4
1654,希天 收回 覆博工業,133,0.4254335847147471,4
1655,業務問 題孫 先生,494,0.4224756283778547,4
1656,業務問 題孫 先生,558,0.4224756283778547,4
1657,業務問 題孫 先生,1354,0.4224756283778547,4
1658,業務問 題吳 先生,1386,0.4224756283778547,4
1659,業務 問題 樺 事業詢 問郵件 檔備 份 服務 價格,515,0.42082249461286864,4
1660,業務 問題 協洲續 約 詢問 支票 期 問題,520,0.4165888096163352,4
1661,立宮 博物院 詢問術 問題,39,0.40700016046664433,4
1662,立宮 博物院 詢問術 問題,475,0.40700016046664433,4
1663,立宮 博物院 詢問術 問題,906,0.40700016046664433,4
1664,運錩 綱鐵詢 問步 問題,490,0.40632784475153355,4
1665,運錩 綱鐵詢 問步 問題,880,0.40632784475153355,4
1666,運錩 綱鐵詢 問步 問題,1736,0.40632784475153355,4
1667,天收 報價 資料 業務 問題 沛恩,28,0.40581743878827475,4
1668,天收 報價 資料 業務 問題 沛恩,764,0.40581743878827475,4
1669,業務 問題 盟立 動化詢 問郵件 稽核 價格,596,0.4053911868866786,4
1670,著 知道 價格業務 問題 弘原,29,0.40470268222581174,4
1671,工 昨晚 寄信 沒 收回 覆,76,0.4038896849919848,4
1672,煩 歐付 寶 提供 私雲環境 資訊,290,0.39950368934571967,4
1673,煩 提供 家私 雲環境 資訊,1794,0.39950368934571967,4
1674,煩 歐付 寶 提供 私雲環境 資訊,1795,0.39950368934571967,4
1675,業務問 題彥 工程 股份 限 公司 想問 套餐 優惠 方案 容,541,0.3985519434610423,4
1676,業務問 題彥 工程 股份 限 公司 想問 套餐 優惠 方案 容,1359,0.3985519434610423,4
1677,業務 問題 設計 想 瞭解代 服務,523,0.3984998329597282,4
1678,業務 問題 呂姐量 發信 需求 問題,299,0.3980430141281969,4
1679,業務 問題 呂姐量 發信 需求 問題,1214,0.3980430141281969,4
1680,吳 先生 詢問 工業標,128,0.39280902653684646,4
1681,業務 問題 鹽 綠,5,0.39230789619174294,4
1682,業務 問題 北榮 總醫院,16,0.39230789619174294,4
1683,業務 問題 北榮 總醫院,21,0.39230789619174294,4
1684,業務 問題 亞梭 傢俬,35,0.39230789619174294,4
1685,業務 問題 商電腦,44,0.39230789619174294,4
1686,業務 問題 商電腦,53,0.39230789619174294,4
1687,業務 問題 明利 需介紹 報價陸,61,0.39230789619174294,4
1688,業務 問題 原相詢 問報價,64,0.39230789619174294,4
1689,業務 問題 隆齒 輪,126,0.39230789619174294,4
1690,業務 問題 游姐,300,0.39230789619174294,4
1691,業務 問題 高貿易,304,0.39230789619174294,4
1692,業務 問題 茂為 歐買尬,465,0.39230789619174294,4
1693,業務 問題 清華附 簽約 維護,468,0.39230789619174294,4
1694,業務 問題 核 研院,495,0.39230789619174294,4
1695,業務 問題 北 信友 堂加 購數,521,0.39230789619174294,4
1696,業務 問題 亞提 斯文 創詢 問享 雲價格,543,0.39230789619174294,4
1697,業務 問題 隆達 海洋 漁業,544,0.39230789619174294,4
1698,業務 問題 寶瀚,563,0.39230789619174294,4
1699,業務 問題 姐,579,0.39230789619174294,4
1700,業務 問題 岳煒,616,0.39230789619174294,4
1701,業務 問題 真食 補回 傳報 價單 匯款,617,0.39230789619174294,4
1702,業務 問題 達 詳動化 需報 價介紹,622,0.39230789619174294,4
1703,業務 問題 協進,735,0.39230789619174294,4
1704,業務 問題 原詢 問價格,737,0.39230789619174294,4
1705,業務 問題 鹽 綠,756,0.39230789619174294,4
1706,業務 問題 亞梭 傢俬,766,0.39230789619174294,4
1707,業務 問題 亞梭 傢俬,767,0.39230789619174294,4
1708,業務 問題 亞梭 傢俬,768,0.39230789619174294,4
1709,業務 問題 商電腦,771,0.39230789619174294,4
1710,業務 問題 隆齒 輪,808,0.39230789619174294,4
1711,業務 問題 佳緯貿易,1385,0.39230789619174294,4
1712,業務 問題 永隆 機電,1387,0.39230789619174294,4
1713,業務 問題 玉山 精密 塗 佈,1388,0.39230789619174294,4
1714,業務 問題 協進,1504,0.39230789619174294,4
1715,業務 問題 唐工業,1592,0.39230789619174294,4
1716,業務問 題灣 吉泰 半導限 公司,551,0.39219861419871654,4
1717,業務 問題 漢寶開 發建設 股份 限 公司,27,0.39010008625433257,4
1718,業務 問題 漢寶開 發建設 股份 限 公司,763,0.39010008625433257,4
1719,東佑包 裝維護廠 商旭 資訊 寄信 收信 希天 收回 覆,872,0.388477952436856,4
1720,農委動 植物 防疫 檢疫詢 問術 問題,4,0.38818780926505464,4
1721,德律詢 問術 問題,79,0.38818780926505464,4
1722,世螺絲詢 問術 問題,114,0.38818780926505464,4
1723,安源 電腦詢 問術 問題,125,0.38818780926505464,4
1724,宏遠 電訊詢 問術 問題,476,0.38818780926505464,4
1725,家委員詢 問術 問題,477,0.38818780926505464,4
1726,康橋 雙語 學校詢 問術 問題,480,0.38818780926505464,4
1727,廣寰詢 問術 問題,481,0.38818780926505464,4
1728,敦吉詢 問術 問題,482,0.38818780926505464,4
1729,暐 凱詢 問術 問題,483,0.38818780926505464,4
1730,農委動 植物 防疫 檢疫詢 問術 問題,488,0.38818780926505464,4
1731,農委防 檢詢 問術 問題,489,0.38818780926505464,4
1732,震旦 行詢 問術 問題,492,0.38818780926505464,4
1733,鹽詢 問術 問題,502,0.38818780926505464,4
1734,宸 展詢 問術 問題,503,0.38818780926505464,4
1735,香港 商英迪思 找詢 問術 問題,603,0.38818780926505464,4
1736,理詢 問術 問題,646,0.38818780926505464,4
1737,萬潤 企業詢 問術 問題,869,0.38818780926505464,4
1738,農委動 植物 防疫 檢疫詢 問術 問題,882,0.38818780926505464,4
1739,宸 展詢 問術 問題,886,0.38818780926505464,4
1740,震旦 電信詢 問術 問題,892,0.38818780926505464,4
1741,家委員詢 問術 問題,894,0.38818780926505464,4
1742,暐 凱詢 問術 問題,895,0.38818780926505464,4
1743,富蘭克林詢 問術 問題,905,0.38818780926505464,4
1744,常聯穎詢 問術 問題,907,0.38818780926505464,4
1745,嘉義縣 義仁詢 問術 問題,908,0.38818780926505464,4
1746,敦吉詢 問術 問題,917,0.38818780926505464,4
1747,享理系 統美晶詢 問術 問題,1717,0.38818780926505464,4
1748,菱電梯詢 問術 問題,1718,0.38818780926505464,4
1749,麻煩 幫忙 安排 天午 遠端線 確認 問題 春 保森拉天 集團 測試 測試 問題 行事 曆 步 問題,140,0.3839688342954048,4
1750,業務 問題 梓 實業理 帳號 設錯 問題,1170,0.3830336617477806,4
1751,業務 問題 捕夢網 儲值 問題,88,0.3821730006156352,4
1752,業務 問題 捕夢網 儲值 問題,790,0.3821730006156352,4
1753,業務 問題 愛瑪數 位煩 提供 續約 報價 網擎期 前天 續 通知 愛瑪數 位限 公司 建立,113,0.38016179239196085,4
1754,業務 問題 愛瑪數 位煩 提供 續約 報價 網擎期 前天 續 通知 愛瑪數 位限 公司 建立,803,0.38016179239196085,4
1755,工業 片段 定位 問題 協助 提供 業務 單位 詳細 資料,1801,0.3797737606432836,4
1756,工業 片段 定位 問題 協助 提供 業務 單位 詳細 資料,1802,0.3797737606432836,4
1757,資策詢 問產品 問題 問題,715,0.37784524455933177,4
1758,資策詢 問產品 問題 問題,716,0.37784524455933177,4
1759,資策詢 問產品 問題 問題,717,0.37784524455933177,4
1760,資策詢 問產品 問題 問題,718,0.37784524455933177,4
1761,問題 玩家 問題,919,0.37784524455933177,4
1762,無法 選理 廣告 信,443,0.37727519487518585,4
1763,廣告 信 夾無法 開啟,449,0.37398642752058986,4
1764,匯 智 註 冊 成功 完成 驗證,163,0.3714047242866093,4
1765,匯 智 註 冊 成功 完成 驗證,253,0.3714047242866093,4
1766,註 冊 成功 完成 驗證,745,0.3714047242866093,4
1767,註 冊 成功 完成 驗證,746,0.3714047242866093,4
1768,匯 智 註 冊 成功 完成 驗證,924,0.3714047242866093,4
1769,註 冊 成功 完成 驗證,1399,0.3714047242866093,4
1770,註 冊 成功 完成 驗證,1525,0.3714047242866093,4
1771,業務 問題 洸 洋電子詢 問否 訓練 課程 參加,535,0.36233278611351744,4
1772,安裝 交貨 安排 午,1570,0.3546187175363843,4
1773,安裝 交貨 安排 午,1571,0.3546187175363843,4
1774,安裝 交貨 安排 午,1731,0.3546187175363843,4
1775,安裝 交貨 安排 午,1732,0.3546187175363843,4
1776,沒 收回 覆碩 天術 問題,855,0.3541942167574865,4
1777,續約 問題,1803,0.34172369597933205,4
1778,業務 問題 漢 碁 傳動詢 問加購 容量 價格,1357,0.3413661657254964,4
1779,旭資訊 服務 啟動 問題,185,0.34132614820131824,4
1780,業務 問題 倍 安保 險想 瞭解 價格,517,0.34061767975089996,4
1781,家委員 寄信 沒 收回 覆,897,0.33297786227732407,4
1782,操作 問題 收外網 站 註 冊 信,254,0.3324992709276054,4
1783,操作 問題 收外網 站 註 冊 信,255,0.3324992709276054,4
1784,業務 問題 林姐 問否量 發信,779,0.33067697661598905,4
1785,報備期 提醒 協資訊 股份 限 公司 華紅 十字 總,271,0.3282955667110132,4
1786,報備期 提醒 協資訊 股份 限 公司 華紅 十字 總,1172,0.3282955667110132,4
1787,業務 問題 高雄 營養 師公,37,0.32356281746217624,4
1788,發出 信件 取回 問題 接續 問題,0,0.3232359540586319,4
1789,希天接 回覆 業務 問題 北德勤 代表 高雄漢 神百貨,33,0.32270285367615026,4
1790,業務 問題 遠達際個 帳號意 兩岸 溝通 品質,623,0.3208790792074031,4
1791,業務 問題 遠達際個 帳號意 兩岸 溝通 品質,1389,0.3208790792074031,4
1792,業務 問題 朗 磁電子 增個 帳號,614,0.3183906318323096,4
1793,業務 問題 太松 實業,615,0.31725861466735805,4
1794,業務 問題 華創 發明學 需加 購報價,607,0.31710570111826336,4
1795,業務 問題 倡明 電機 環球 暢貨行 銷介紹 幫 忙 繫 報 價,91,0.31667105134692297,4
1796,業務 問題 迪諾遊 戲煩 幫 忙 繫,1216,0.31667105134692297,4
1797,業務 問題 創 美工 業銷 商想 直接 購買,611,0.31643006464212087,4
1798,業務 問題 創 美工 業銷 商想 直接 購買,1381,0.31643006464212087,4
1799,操作 問題 登出 問題,983,0.3152987623026451,4
1800,操作 問題 信箱 問題,956,0.31097413509404886,4
1801,林眼 鏡詢 問術 問題,479,0.31008471607800564,4
1802,陞 詢 問術 問題,81,0.3100805350723145,4
1803,陞 詢 問術 問題,878,0.3100805350723145,4
1804,神通 資訊 公雲服務 報價,1151,0.2993284937314073,4
1805,北網心 接資 安通 報 問題,864,0.2901066844081883,4
1806,北網心 接資 安通 報 問題,1740,0.2901066844081883,4
1807,北網心 接資 安通 報 問題,1741,0.2901066844081883,4
1808,神盾 操作 問題,881,0.28894493789668385,4
1809,操作 問題 突然 收寄,952,0.28894493789668385,4
1810,操作 問題 問北縣 理員,985,0.28894493789668385,4
1811,桃園 縣 永平 工商 收外 信,888,0.28286248771348205,4
1812,關掃描 問題,294,0.26619799291285084,4
1813,資策 關掃描 問題,714,0.26619799291285084,4
1814,關掃描 問題,1705,0.26619799291285084,4
1815,關掃描 問題,1706,0.26619799291285084,4
1816,關掃描 問題,1814,0.26619799291285084,4
